-- phpMyAdmin SQL Dump
-- version 5.2.2
-- https://www.phpmyadmin.net/
--
-- Host: localhost:3306
-- Generation Time: Feb 03, 2026 at 11:33 AM
-- Server version: 8.0.37
-- PHP Version: 8.4.16

SET SQL_MODE = "NO_AUTO_VALUE_ON_ZERO";
START TRANSACTION;
SET time_zone = "+00:00";


/*!40101 SET @OLD_CHARACTER_SET_CLIENT=@@CHARACTER_SET_CLIENT */;
/*!40101 SET @OLD_CHARACTER_SET_RESULTS=@@CHARACTER_SET_RESULTS */;
/*!40101 SET @OLD_COLLATION_CONNECTION=@@COLLATION_CONNECTION */;
/*!40101 SET NAMES utf8mb4 */;

--
-- Database: `axxegg_teste`
--

-- --------------------------------------------------------

--
-- Table structure for table `activity_logs`
--

CREATE TABLE `activity_logs` (
  `id` int NOT NULL,
  `user_id` int NOT NULL,
  `action` varchar(255) NOT NULL,
  `details` text,
  `created_at` timestamp NULL DEFAULT CURRENT_TIMESTAMP
) ENGINE=InnoDB DEFAULT CHARSET=utf8mb4 COLLATE=utf8mb4_0900_ai_ci;

-- --------------------------------------------------------

--
-- Table structure for table `admin_actions`
--

CREATE TABLE `admin_actions` (
  `id` int NOT NULL,
  `player_id` int DEFAULT NULL,
  `match_id` int DEFAULT NULL,
  `action_type` enum('ban','unban','edit_match','resolve_dispute') DEFAULT NULL,
  `reason` text,
  `performed_by` varchar(100) DEFAULT NULL,
  `created_at` timestamp NULL DEFAULT CURRENT_TIMESTAMP
) ENGINE=InnoDB DEFAULT CHARSET=utf8mb4 COLLATE=utf8mb4_0900_ai_ci;

--
-- Dumping data for table `admin_actions`
--

INSERT INTO `admin_actions` (`id`, `player_id`, `match_id`, `action_type`, `reason`, `performed_by`, `created_at`) VALUES
(1, NULL, 138, 'resolve_dispute', 'Resolved via /solvedispute', 'jocaccarvalho (281087422056497163)', '2025-08-22 01:00:29'),
(2, NULL, 138, 'resolve_dispute', 'Resolved via /solvedispute', 'jocaccarvalho (281087422056497163)', '2025-08-22 01:02:20'),
(3, NULL, 136, 'resolve_dispute', 'Resolved via /solvedispute', 'jocaccarvalho (281087422056497163)', '2025-08-22 01:04:25'),
(4, NULL, 137, 'resolve_dispute', 'Resolved via /solvedispute', 'jocaccarvalho (281087422056497163)', '2025-08-22 01:04:41'),
(5, 1, 140, 'resolve_dispute', 'ksadhkash ah dad ad', 'jocaccarvalho', '2025-08-22 11:38:14'),
(6, 1, 143, 'resolve_dispute', 'Resolvido', 'jocaccarvalho', '2025-08-22 12:05:44'),
(7, 1, 144, 'resolve_dispute', 'Resolvido a bem. Todos amigos.', 'jocaccarvalho', '2025-08-22 13:30:09'),
(8, 1, 145, 'resolve_dispute', 'asd', 'jocaccarvalho', '2025-08-23 01:10:34'),
(9, 1, 145, 'resolve_dispute', 'asd', 'jocaccarvalho', '2025-08-23 01:21:12'),
(10, 1, 146, 'resolve_dispute', 'asda', 'jocaccarvalho', '2025-08-23 01:47:26'),
(11, 1, 146, 'resolve_dispute', 'asda', 'jocaccarvalho', '2025-08-23 01:47:27'),
(12, 1, 146, 'resolve_dispute', 'asda', 'jocaccarvalho', '2025-08-23 01:47:27'),
(13, 1, 146, 'resolve_dispute', 'asda', 'jocaccarvalho', '2025-08-23 01:47:27'),
(14, 1, 146, 'resolve_dispute', 'asda', 'jocaccarvalho', '2025-08-23 01:47:27'),
(15, 1, 146, 'resolve_dispute', 'asda', 'jocaccarvalho', '2025-08-23 01:47:27'),
(16, 1, 146, 'resolve_dispute', 'asdasda', 'jocaccarvalho', '2025-08-23 01:52:45'),
(17, 1, 146, 'resolve_dispute', 'asdasda', 'jocaccarvalho', '2025-08-23 01:52:45'),
(18, 1, 146, 'resolve_dispute', 'asdasda', 'jocaccarvalho', '2025-08-23 01:52:45'),
(19, 1, 146, 'resolve_dispute', 'asdasda', 'jocaccarvalho', '2025-08-23 01:52:45'),
(20, 1, 146, 'resolve_dispute', 'asdasda', 'jocaccarvalho', '2025-08-23 01:52:45'),
(21, 1, 146, 'resolve_dispute', 'asdasda', 'jocaccarvalho', '2025-08-23 01:52:45'),
(22, 1, 146, 'resolve_dispute', 'asdasdas', 'jocaccarvalho', '2025-08-23 01:55:51'),
(23, 1, 146, 'resolve_dispute', 'asdasdas', 'jocaccarvalho', '2025-08-23 01:55:51'),
(24, 1, 146, 'resolve_dispute', 'asdasdas', 'jocaccarvalho', '2025-08-23 01:55:51'),
(25, 1, 146, 'resolve_dispute', 'asdasdas', 'jocaccarvalho', '2025-08-23 01:55:51'),
(26, 1, 146, 'resolve_dispute', 'asdasdas', 'jocaccarvalho', '2025-08-23 01:55:51'),
(27, 1, 146, 'resolve_dispute', 'asdasdas', 'jocaccarvalho', '2025-08-23 01:55:51'),
(28, 1, 146, 'resolve_dispute', 'asjdnaisdhai sd', 'jocaccarvalho', '2025-08-23 02:01:11'),
(29, 1, 146, 'resolve_dispute', 'asdad', 'jocaccarvalho', '2025-08-23 02:03:56'),
(30, 1, 147, 'resolve_dispute', 'asdadasda', 'jocaccarvalho', '2025-08-23 15:47:00'),
(31, 179, 148, 'resolve_dispute', 'Não xitou nada.', 'jocaccarvalho', '2025-08-25 21:30:40'),
(32, 1, 139, 'resolve_dispute', 'asdas', 'jocaccarvalho', '2025-08-27 13:27:04'),
(33, 1, 157, 'resolve_dispute', 'asd asdas d', 'jocaccarvalho', '2025-08-27 23:56:13'),
(34, 1, 158, 'resolve_dispute', 'asdasd', 'jocaccarvalho', '2025-08-28 15:47:25'),
(35, 1, 159, 'resolve_dispute', 'afinal nao era assim', 'jocaccarvalho', '2025-08-28 20:52:43'),
(36, 1, 164, 'resolve_dispute', 'Resolvido', 'jocaccarvalho', '2025-09-04 22:55:42'),
(37, 1, 164, 'resolve_dispute', 'asd', 'jocaccarvalho', '2025-09-04 23:31:22');

-- --------------------------------------------------------

--
-- Table structure for table `admin_audit_log`
--

CREATE TABLE `admin_audit_log` (
  `id` bigint NOT NULL,
  `actor_discord_id` bigint NOT NULL,
  `module` varchar(32) NOT NULL,
  `action` varchar(48) NOT NULL,
  `entity_type` varchar(32) DEFAULT NULL,
  `entity_id` varchar(64) DEFAULT NULL,
  `details` json DEFAULT NULL,
  `ip` varchar(45) DEFAULT NULL,
  `created_at` timestamp NULL DEFAULT CURRENT_TIMESTAMP
) ENGINE=InnoDB DEFAULT CHARSET=utf8mb4 COLLATE=utf8mb4_0900_ai_ci;

--
-- Dumping data for table `admin_audit_log`
--

INSERT INTO `admin_audit_log` (`id`, `actor_discord_id`, `module`, `action`, `entity_type`, `entity_id`, `details`, `ip`, `created_at`) VALUES
(1, 281087422056497163, 'matches', 'dispute.create', 'match', '103', '{\"at\": \"2025-08-21T00:27:13.077Z\", \"reason\": \"asdasda\", \"thread\": true, \"ladderId\": \"1\", \"channelId\": \"1406428225198100560\", \"screenshotUrl\": null}', NULL, '2025-08-21 00:27:15'),
(2, 281087422056497163, 'matches', 'dispute.create', 'match', '136', '{\"at\": \"2025-08-21T23:11:12.987Z\", \"reason\": \"asdadbai shaid ha\", \"thread\": true, \"ladderId\": \"1\", \"channelId\": \"1408226102278750259\", \"screenshotUrl\": \"https://cdn.discordapp.com/ephemeral-attachments/1407880479113347206/1408226983132921896/97294304-66f5-46c7-9efc-116415a7c615.jpg?ex=68a8f914&is=68a7a794&hm=a797a42e897515ba72d621d1bf8a66a7fc61297bcfa2672094edc97707623897&\"}', NULL, '2025-08-21 23:11:17'),
(3, 281087422056497163, 'matches', 'dispute.create', 'match', '137', '{\"at\": \"2025-08-22T00:29:23.509Z\", \"reason\": \"asdadhagiudhaodsha\", \"thread\": true, \"ladderId\": \"1\", \"channelId\": \"1408246603721998367\", \"screenshotUrl\": null}', NULL, '2025-08-22 00:29:28'),
(4, 281087422056497163, 'matches', 'dispute.create', 'match', '138', '{\"at\": \"2025-08-22T00:34:01.900Z\", \"reason\": \"adsijahdiuadasd kajojdaso djiaoisd\", \"thread\": true, \"ladderId\": \"1\", \"channelId\": \"1408247764156158034\", \"screenshotUrl\": null}', NULL, '2025-08-22 00:34:06'),
(5, 281087422056497163, 'matches', 'dispute.create', 'match', '138', '{\"at\": \"2025-08-22T01:01:40.669Z\", \"reason\": \"josjdoadasd aoud haid ghasi dgas dhasod\", \"thread\": true, \"ladderId\": \"1\", \"channelId\": \"1408247764156158034\", \"screenshotUrl\": null}', NULL, '2025-08-22 01:01:45');

-- --------------------------------------------------------

--
-- Table structure for table `admin_roles`
--

CREATE TABLE `admin_roles` (
  `id` int NOT NULL,
  `name` varchar(32) NOT NULL,
  `perms` json NOT NULL
) ENGINE=InnoDB DEFAULT CHARSET=utf8mb4 COLLATE=utf8mb4_0900_ai_ci;

--
-- Dumping data for table `admin_roles`
--

INSERT INTO `admin_roles` (`id`, `name`, `perms`) VALUES
(1, 'Owner', '{\"*\": true}'),
(2, 'Ops', '{\"audit.view\": true, \"points.edit\": true, \"points.view\": true, \"ladder.manage\": true}'),
(3, 'Coach', '{\"ladder.view\": true, \"players.view\": true}'),
(4, 'Mod', '{\"ladder.view\": true, \"moderation.kick\": true}'),
(5, 'Finance', '{\"audit.view\": true, \"billing.view\": true, \"invoices.view\": true}');

-- --------------------------------------------------------

--
-- Table structure for table `admin_users`
--

CREATE TABLE `admin_users` (
  `discord_id` bigint NOT NULL,
  `role_id` int NOT NULL,
  `display_name` varchar(64) NOT NULL,
  `created_at` timestamp NULL DEFAULT CURRENT_TIMESTAMP
) ENGINE=InnoDB DEFAULT CHARSET=utf8mb4 COLLATE=utf8mb4_0900_ai_ci;

--
-- Dumping data for table `admin_users`
--

INSERT INTO `admin_users` (`discord_id`, `role_id`, `display_name`, `created_at`) VALUES
(281087422056497163, 1, 'João Carvalho', '2025-08-14 02:15:22');

-- --------------------------------------------------------

--
-- Table structure for table `discord_channel_ladders`
--

CREATE TABLE `discord_channel_ladders` (
  `channel_id` varchar(64) NOT NULL,
  `ladder_id` bigint NOT NULL,
  `created_at` timestamp NULL DEFAULT CURRENT_TIMESTAMP,
  `updated_at` timestamp NULL DEFAULT CURRENT_TIMESTAMP ON UPDATE CURRENT_TIMESTAMP
) ENGINE=InnoDB DEFAULT CHARSET=utf8mb4 COLLATE=utf8mb4_0900_ai_ci;

--
-- Dumping data for table `discord_channel_ladders`
--

INSERT INTO `discord_channel_ladders` (`channel_id`, `ladder_id`, `created_at`, `updated_at`) VALUES
('1395727654153486367', 1, '2025-08-16 00:56:58', '2025-08-16 00:56:58'),
('1412900402990551110', 1, '2025-09-03 21:24:45', '2025-12-03 16:22:35');

-- --------------------------------------------------------

--
-- Table structure for table `ladders`
--

CREATE TABLE `ladders` (
  `id` bigint NOT NULL,
  `name` varchar(100) NOT NULL,
  `slug` varchar(120) NOT NULL,
  `status` enum('draft','active','archived') DEFAULT 'draft',
  `starts_at` datetime DEFAULT NULL,
  `ends_at` datetime DEFAULT NULL,
  `timezone` varchar(64) NOT NULL DEFAULT 'Europe/Lisbon',
  `allowed_days_mask` tinyint UNSIGNED NOT NULL DEFAULT '127',
  `allowed_start_time` datetime DEFAULT NULL,
  `allowed_end_time` datetime DEFAULT NULL,
  `max_matches_per_day` int DEFAULT NULL,
  `max_matches_per_opponent` int DEFAULT NULL,
  `config` json DEFAULT NULL,
  `created_at` datetime DEFAULT CURRENT_TIMESTAMP,
  `updated_at` datetime DEFAULT CURRENT_TIMESTAMP ON UPDATE CURRENT_TIMESTAMP
) ENGINE=InnoDB DEFAULT CHARSET=utf8mb4 COLLATE=utf8mb4_0900_ai_ci;

--
-- Dumping data for table `ladders`
--

INSERT INTO `ladders` (`id`, `name`, `slug`, `status`, `starts_at`, `ends_at`, `timezone`, `allowed_days_mask`, `allowed_start_time`, `allowed_end_time`, `max_matches_per_day`, `max_matches_per_opponent`, `config`, `created_at`, `updated_at`) VALUES
(1, 'Ladder Teste', 'testeoriginal', 'active', NULL, NULL, 'Europe/Lisbon', 127, '2025-09-04 20:00:00', '2026-09-01 22:59:59', NULL, NULL, NULL, '2025-08-15 02:42:15', '2025-12-03 16:21:33'),
(2, 'Pre-Season 25/26 Ladder', 'preseason2526', 'active', NULL, NULL, 'Europe/Lisbon', 127, '2025-09-04 20:00:00', '2025-09-18 22:59:59', NULL, 3, NULL, '2025-08-15 02:42:15', '2025-09-09 15:27:39');

-- --------------------------------------------------------

--
-- Table structure for table `ladder_elo_history`
--

CREATE TABLE `ladder_elo_history` (
  `id` int NOT NULL,
  `match_id` int DEFAULT NULL,
  `player_id` int NOT NULL,
  `old_elo` int NOT NULL,
  `new_elo` int NOT NULL,
  `delta` int NOT NULL,
  `changed_at` timestamp NULL DEFAULT CURRENT_TIMESTAMP,
  `competition_id` int NOT NULL DEFAULT '1',
  `ladder_id` bigint NOT NULL
) ENGINE=InnoDB DEFAULT CHARSET=utf8mb4 COLLATE=utf8mb4_0900_ai_ci;

--
-- Dumping data for table `ladder_elo_history`
--

INSERT INTO `ladder_elo_history` (`id`, `match_id`, `player_id`, `old_elo`, `new_elo`, `delta`, `changed_at`, `competition_id`, `ladder_id`) VALUES
(1, 16, 1, 1000, 1009, 9, '2025-07-27 15:08:58', 1, 1),
(2, 16, 37, 1000, 0, 0, '2025-07-27 15:08:58', 1, 1),
(3, 17, 1, 1009, 992, -17, '2025-07-27 15:29:38', 1, 1),
(4, 17, 38, 1000, 0, 0, '2025-07-27 15:29:38', 1, 1),
(5, 18, 1, 992, 1009, 17, '2025-07-27 15:34:40', 1, 1),
(6, 18, 39, 1000, 0, 0, '2025-07-27 15:34:40', 1, 1),
(7, 19, 1, 1009, 1025, 16, '2025-07-27 15:36:20', 1, 1),
(8, 19, 40, 1000, 0, 0, '2025-07-27 15:36:20', 1, 1),
(9, 20, 1, 1025, 1040, 15, '2025-07-27 15:40:54', 1, 1),
(10, 20, 41, 1000, 985, -15, '2025-07-27 15:40:54', 1, 1),
(11, 21, 1, 1040, 1055, 15, '2025-07-27 15:46:37', 1, 1),
(12, 21, 42, 1000, 985, -15, '2025-07-27 15:46:37', 1, 1),
(13, 22, 1, 1055, 1078, 23, '2025-07-27 15:50:23', 1, 1),
(14, 22, 43, 1210, 1187, -23, '2025-07-27 15:50:23', 1, 1),
(15, NULL, 5, 1000, 925, -75, '2025-07-28 16:39:08', 1, 1),
(16, NULL, 6, 1000, 925, -75, '2025-07-28 16:39:08', 1, 1),
(17, NULL, 5, 925, 910, -15, '2025-07-28 16:48:19', 1, 1),
(18, NULL, 6, 925, 910, -15, '2025-07-28 16:48:19', 1, 1),
(19, 23, 1, 1078, 1091, 13, '2025-07-28 19:08:21', 1, 1),
(20, 23, 44, 1000, 987, -13, '2025-07-28 19:08:21', 1, 1),
(21, 24, 1, 1091, 1103, 12, '2025-07-28 19:14:31', 1, 1),
(22, 24, 45, 1000, 988, -12, '2025-07-28 19:14:31', 1, 1),
(25, 26, 1, 1103, 1118, 15, '2025-07-28 21:46:20', 1, 1),
(26, 26, 47, 1000, 990, -10, '2025-07-28 21:46:20', 1, 1),
(27, 27, 1, 1118, 1131, 13, '2025-07-28 21:59:09', 1, 1),
(28, 27, 48, 1000, 990, -10, '2025-07-28 21:59:09', 1, 1),
(29, 28, 1, 1131, 1113, -18, '2025-07-28 21:59:40', 1, 1),
(30, 28, 49, 1000, 1020, 20, '2025-07-28 21:59:40', 1, 1),
(31, 29, 1, 1113, 1127, 14, '2025-07-28 22:02:44', 1, 1),
(32, 29, 50, 1000, 990, -10, '2025-07-28 22:02:44', 1, 1),
(33, 31, 1, 1127, 1141, 14, '2025-07-28 23:00:09', 1, 1),
(34, 31, 55, 1000, 990, -10, '2025-07-28 23:00:09', 1, 1),
(35, 32, 1, 1141, 1123, -18, '2025-07-28 23:09:53', 1, 1),
(36, 32, 54, 1000, 1022, 22, '2025-07-28 23:09:53', 1, 1),
(37, 33, 54, 1022, 1040, 18, '2025-07-28 23:31:33', 1, 1),
(38, 33, 1, 1123, 1106, -17, '2025-07-28 23:31:33', 1, 1),
(39, NULL, 5, 910, 895, -15, '2025-07-29 02:00:04', 1, 1),
(40, NULL, 6, 910, 895, -15, '2025-07-29 02:00:05', 1, 1),
(41, 34, 1, 1106, 1120, 14, '2025-07-29 09:27:30', 1, 1),
(42, 34, 64, 1000, 990, -10, '2025-07-29 09:27:30', 1, 1),
(43, 35, 1, 1120, 1102, -18, '2025-07-29 10:22:10', 1, 1),
(44, 35, 27, 1000, 1019, 19, '2025-07-29 10:22:10', 1, 1),
(45, NULL, 5, 895, 880, -15, '2025-07-30 02:00:03', 1, 1),
(46, NULL, 6, 895, 880, -15, '2025-07-30 02:00:03', 1, 1),
(47, NULL, 5, 880, 865, -15, '2025-07-31 02:00:03', 1, 1),
(48, NULL, 6, 880, 865, -15, '2025-07-31 02:00:04', 1, 1),
(49, NULL, 5, 865, 850, -15, '2025-08-01 02:00:03', 1, 1),
(50, NULL, 6, 865, 850, -15, '2025-08-01 02:00:03', 1, 1),
(51, NULL, 5, 850, 835, -15, '2025-08-02 02:00:04', 1, 1),
(52, NULL, 6, 850, 835, -15, '2025-08-02 02:00:04', 1, 1),
(54, 36, 1, 1116, 1129, 13, '2025-08-15 02:31:54', 1, 1),
(55, 36, 76, 990, 980, -10, '2025-08-15 02:31:54', 1, 1),
(56, 41, 1, 1129, 1142, 13, '2025-08-16 01:52:53', 1, 1),
(57, 41, 81, 1000, 990, -10, '2025-08-16 01:52:53', 1, 1),
(58, 42, 1, 1142, 1157, 15, '2025-08-16 01:57:16', 1, 1),
(59, 42, 82, 1000, 990, -10, '2025-08-16 01:57:16', 1, 1),
(60, 43, 1, 1157, 1136, -21, '2025-08-16 02:20:42', 1, 1),
(61, 43, 83, 1000, 1021, 21, '2025-08-16 02:20:42', 1, 1),
(62, 45, 1, 1136, 1149, 13, '2025-08-16 02:28:36', 1, 1),
(63, 45, 85, 1000, 990, -10, '2025-08-16 02:28:36', 1, 1),
(64, 46, 1, 1149, 1130, -19, '2025-08-16 02:31:20', 1, 1),
(65, 46, 86, 1000, 1023, 23, '2025-08-16 02:31:20', 1, 1),
(66, 47, 1, 1130, 1112, -18, '2025-08-16 02:40:08', 1, 1),
(67, 47, 87, 1000, 1019, 19, '2025-08-16 02:40:08', 1, 1),
(68, 48, 1, 1112, 1127, 15, '2025-08-16 02:40:53', 1, 1),
(69, 48, 88, 1000, 990, -10, '2025-08-16 02:40:53', 1, 1),
(70, 49, 1, 1127, 1109, -18, '2025-08-16 02:42:14', 1, 1),
(71, 49, 89, 1000, 1021, 21, '2025-08-16 02:42:14', 1, 1),
(72, 50, 1, 1109, 1123, 14, '2025-08-16 02:49:47', 1, 1),
(73, 50, 90, 1000, 990, -10, '2025-08-16 02:49:47', 1, 1),
(74, 50, 1, 1123, 1135, 12, '2025-08-16 02:51:02', 1, 1),
(75, 50, 90, 990, 981, -9, '2025-08-16 02:51:02', 1, 1),
(76, 51, 1, 1135, 1148, 13, '2025-08-16 03:06:10', 1, 1),
(77, 51, 91, 1000, 990, -10, '2025-08-16 03:06:10', 1, 1),
(78, 52, 1, 1148, 1129, -19, '2025-08-16 03:08:32', 1, 1),
(79, 52, 92, 1000, 1023, 23, '2025-08-16 03:08:32', 1, 1),
(80, 52, 1, 1129, 1111, -18, '2025-08-16 03:08:32', 1, 1),
(81, 52, 92, 1000, 1023, 23, '2025-08-16 03:08:32', 1, 1),
(82, 53, 1, 1111, 1093, -18, '2025-08-16 03:13:56', 1, 1),
(83, 53, 93, 1000, 1023, 23, '2025-08-16 03:13:56', 1, 1),
(84, 57, 1, 1093, 1108, 15, '2025-08-16 03:45:40', 1, 1),
(85, 57, 98, 1000, 989, -11, '2025-08-16 03:45:40', 1, 1),
(86, 58, 1, 1108, 1122, 14, '2025-08-16 03:49:30', 1, 1),
(87, 58, 99, 1000, 990, -10, '2025-08-16 03:49:30', 1, 1),
(88, 59, 1, 1122, 1135, 13, '2025-08-16 03:51:44', 1, 1),
(89, 59, 100, 1000, 990, -10, '2025-08-16 03:51:44', 1, 1),
(90, 60, 1, 1135, 1147, 12, '2025-08-16 03:55:04', 1, 1),
(91, 60, 101, 1000, 990, -10, '2025-08-16 03:55:04', 1, 1),
(92, 61, 1, 1147, 1160, 13, '2025-08-16 04:03:17', 1, 1),
(93, 61, 102, 1000, 990, -10, '2025-08-16 04:03:17', 1, 1),
(94, 62, 1, 1160, 1172, 12, '2025-08-16 04:04:45', 1, 1),
(95, 62, 103, 1000, 991, -9, '2025-08-16 04:04:45', 1, 1),
(96, 63, 1, 1172, 1183, 11, '2025-08-16 04:09:39', 1, 1),
(97, 63, 104, 1000, 991, -9, '2025-08-16 04:09:39', 1, 1),
(98, 64, 1, 1183, 1194, 11, '2025-08-16 04:15:31', 1, 1),
(99, 64, 105, 1000, 991, -9, '2025-08-16 04:15:31', 1, 1),
(100, 66, 1, 1194, 1205, 11, '2025-08-16 04:49:28', 1, 1),
(101, 66, 107, 1000, 991, -9, '2025-08-16 04:49:28', 1, 1),
(102, 67, 1, 1205, 1216, 11, '2025-08-16 04:50:31', 1, 1),
(103, 67, 108, 1000, 992, -8, '2025-08-16 04:50:31', 1, 1),
(104, 68, 1, 1216, 1227, 11, '2025-08-16 04:52:53', 1, 1),
(105, 68, 109, 1000, 992, -8, '2025-08-16 04:52:54', 1, 1),
(106, 69, 1, 1227, 1238, 11, '2025-08-16 13:45:13', 1, 1),
(107, 69, 110, 1000, 992, -8, '2025-08-16 13:45:13', 1, 1),
(108, 70, 1, 1238, 1249, 11, '2025-08-16 13:49:31', 1, 1),
(109, 70, 111, 1000, 992, -8, '2025-08-16 13:49:31', 1, 1),
(110, 71, 1, 1249, 1260, 11, '2025-08-16 14:58:10', 1, 1),
(111, 71, 112, 1000, 992, -8, '2025-08-16 14:58:10', 1, 1),
(112, 72, 1, 1260, 1232, -28, '2025-08-16 15:05:45', 1, 1),
(113, 72, 113, 1000, 1023, 23, '2025-08-16 15:05:45', 1, 1),
(114, 73, 1, 1232, 1207, -25, '2025-08-16 15:08:08', 1, 1),
(115, 73, 114, 1000, 1023, 23, '2025-08-16 15:08:08', 1, 1),
(116, 74, 1, 1207, 1183, -24, '2025-08-16 15:12:39', 1, 1),
(117, 74, 115, 1000, 1020, 20, '2025-08-16 15:12:39', 1, 1),
(118, 75, 1, 1183, 1162, -21, '2025-08-16 15:16:42', 1, 1),
(119, 75, 116, 1000, 1020, 20, '2025-08-16 15:16:42', 1, 1),
(120, 76, 1, 1162, 1141, -21, '2025-08-16 15:19:19', 1, 1),
(121, 76, 117, 1000, 1020, 20, '2025-08-16 15:19:19', 1, 1),
(122, 77, 1, 1141, 1123, -18, '2025-08-16 15:24:44', 1, 1),
(123, 77, 118, 1000, 1020, 20, '2025-08-16 15:24:44', 1, 1),
(124, 78, 1, 1123, 1105, -18, '2025-08-16 15:29:20', 1, 1),
(125, 78, 119, 1000, 1021, 21, '2025-08-16 15:29:20', 1, 1),
(126, 79, 1, 1105, 1118, 13, '2025-08-16 15:32:51', 1, 1),
(127, 79, 120, 1000, 990, -10, '2025-08-16 15:32:51', 1, 1),
(128, 80, 1, 1118, 1100, -18, '2025-08-16 15:34:34', 1, 1),
(129, 80, 121, 1000, 1019, 19, '2025-08-16 15:34:34', 1, 1),
(130, 81, 1, 1100, 1114, 14, '2025-08-16 15:35:14', 1, 1),
(131, 81, 122, 1000, 990, -10, '2025-08-16 15:35:14', 1, 1),
(132, 82, 1, 1114, 1111, -3, '2025-08-16 22:05:59', 1, 1),
(133, 82, 123, 1000, 1002, 2, '2025-08-16 22:05:59', 1, 1),
(134, 83, 1, 1111, 1108, -3, '2025-08-16 22:13:39', 1, 1),
(135, 83, 124, 1000, 1002, 2, '2025-08-16 22:13:39', 1, 1),
(136, 84, 1, 1108, 1105, -3, '2025-08-16 22:20:47', 1, 1),
(137, 84, 125, 1000, 1002, 2, '2025-08-16 22:20:47', 1, 1),
(138, 85, 1, 1105, 1102, -3, '2025-08-16 22:28:07', 1, 1),
(139, 85, 126, 1000, 1002, 2, '2025-08-16 22:28:07', 1, 1),
(140, 86, 1, 1102, 1085, -17, '2025-08-16 22:32:04', 1, 1),
(141, 86, 127, 1000, 1018, 18, '2025-08-16 22:32:04', 1, 1),
(142, 87, 1, 1085, 1099, 14, '2025-08-16 22:33:46', 1, 1),
(143, 87, 128, 1000, 989, -11, '2025-08-16 22:33:46', 1, 1),
(144, 88, 1, 1099, 1113, 14, '2025-08-16 22:37:57', 1, 1),
(145, 88, 129, 1000, 990, -10, '2025-08-16 22:37:57', 1, 1),
(146, 89, 1, 1113, 1095, -18, '2025-08-16 22:40:24', 1, 1),
(147, 89, 130, 1000, 1018, 18, '2025-08-16 22:40:24', 1, 1),
(148, 90, 1, 1095, 1079, -16, '2025-08-16 22:54:41', 1, 1),
(149, 90, 131, 1000, 1018, 18, '2025-08-16 22:54:41', 1, 1),
(150, 91, 1, 1079, 1065, -14, '2025-08-16 22:59:17', 1, 1),
(151, 91, 54, 1040, 1065, 25, '2025-08-16 22:59:17', 1, 1),
(152, 92, 54, 1065, 1052, -13, '2025-08-16 23:05:35', 1, 1),
(153, 92, 1, 1065, 1081, 16, '2025-08-16 23:05:35', 1, 1),
(154, 93, 1, 1081, 1095, 14, '2025-08-16 23:16:56', 1, 1),
(155, 93, 132, 1000, 989, -11, '2025-08-16 23:16:56', 1, 1),
(156, 94, 1, 1095, 1109, 14, '2025-08-16 23:23:32', 1, 1),
(157, 94, 133, 1000, 989, -11, '2025-08-16 23:23:32', 1, 1),
(158, 95, 1, 1109, 1123, 14, '2025-08-16 23:49:45', 1, 1),
(159, 95, 54, 1052, 1040, -12, '2025-08-16 23:49:45', 1, 1),
(160, 97, 1, 1123, 1106, -17, '2025-08-16 23:52:57', 1, 1),
(161, 97, 54, 1040, 1058, 18, '2025-08-16 23:52:57', 1, 1),
(162, 98, 1, 1106, 1120, 14, '2025-08-16 23:53:46', 1, 1),
(163, 98, 54, 1058, 1046, -12, '2025-08-16 23:53:46', 1, 1),
(164, 99, 54, 1046, 1064, 18, '2025-08-16 23:54:22', 1, 1),
(165, 99, 1, 1120, 1103, -17, '2025-08-16 23:54:22', 1, 1),
(166, 100, 1, 1103, 1087, -16, '2025-08-16 23:55:56', 1, 1),
(167, 100, 54, 1064, 1080, 16, '2025-08-16 23:55:56', 1, 1),
(168, 101, 1, 1087, 1074, -13, '2025-08-16 23:56:41', 1, 1),
(169, 101, 54, 1080, 1095, 15, '2025-08-16 23:56:41', 1, 1),
(170, 102, 54, 1095, 1081, -14, '2025-08-16 23:57:23', 1, 1),
(171, 102, 1, 1074, 1090, 16, '2025-08-16 23:57:23', 1, 1),
(174, 104, 54, 1068, 1055, -13, '2025-08-17 00:06:16', 1, 1),
(175, 104, 1, 1106, 1120, 14, '2025-08-17 00:06:16', 1, 1),
(176, 105, 54, 1055, 1072, 17, '2025-08-17 00:11:47', 1, 1),
(177, 105, 1, 1120, 1103, -17, '2025-08-17 00:11:47', 1, 1),
(178, 106, 1, 1103, 1116, 13, '2025-08-18 02:04:50', 1, 1),
(179, 106, 135, 1000, 990, -10, '2025-08-18 02:04:50', 1, 1),
(180, 107, 1, 1116, 1129, 13, '2025-08-18 02:14:42', 1, 1),
(181, 107, 136, 1000, 990, -10, '2025-08-18 02:14:42', 1, 1),
(182, 108, 1, 1129, 1126, -3, '2025-08-18 02:15:57', 1, 1),
(183, 108, 137, 1000, 1003, 3, '2025-08-18 02:15:57', 1, 1),
(184, 109, 1, 1126, 1139, 13, '2025-08-18 02:19:47', 1, 1),
(185, 109, 138, 1000, 990, -10, '2025-08-18 02:19:47', 1, 1),
(186, 110, 1, 1139, 1121, -18, '2025-08-18 02:23:20', 1, 1),
(187, 110, 139, 1000, 1019, 19, '2025-08-18 02:23:20', 1, 1),
(188, 111, 1, 1121, 1103, -18, '2025-08-18 02:25:14', 1, 1),
(189, 111, 140, 1000, 1019, 19, '2025-08-18 02:25:14', 1, 1),
(190, 112, 1, 1103, 1116, 13, '2025-08-18 02:30:36', 1, 1),
(191, 112, 141, 1000, 990, -10, '2025-08-18 02:30:36', 1, 1),
(192, 113, 1, 1116, 1129, 13, '2025-08-18 02:32:28', 1, 1),
(193, 113, 142, 1000, 990, -10, '2025-08-18 02:32:28', 1, 1),
(194, 114, 1, 1129, 1141, 12, '2025-08-18 02:51:04', 1, 1),
(195, 114, 143, 1000, 990, -10, '2025-08-18 02:51:04', 1, 1),
(196, 115, 1, 1141, 1123, -18, '2025-08-18 02:57:13', 1, 1),
(197, 115, 144, 1000, 1020, 20, '2025-08-18 02:57:13', 1, 1),
(198, 116, 1, 1123, 1136, 13, '2025-08-18 03:03:02', 1, 1),
(199, 116, 145, 1000, 990, -10, '2025-08-18 03:03:02', 1, 1),
(200, 117, 1, 1136, 1118, -18, '2025-08-18 03:05:08', 1, 1),
(201, 117, 146, 1000, 1022, 22, '2025-08-18 03:05:08', 1, 1),
(202, 118, 1, 1118, 1131, 13, '2025-08-18 03:06:54', 1, 1),
(203, 118, 147, 1000, 990, -10, '2025-08-18 03:06:54', 1, 1),
(204, 119, 1, 1131, 1143, 12, '2025-08-18 03:14:22', 1, 1),
(205, 119, 148, 1000, 990, -10, '2025-08-18 03:14:22', 1, 1),
(206, 120, 1, 1143, 1155, 12, '2025-08-18 03:16:39', 1, 1),
(207, 120, 149, 1000, 990, -10, '2025-08-18 03:16:39', 1, 1),
(208, 121, 1, 1155, 1166, 11, '2025-08-18 03:21:14', 1, 1),
(209, 121, 150, 1000, 991, -9, '2025-08-18 03:21:14', 1, 1),
(210, 122, 1, 1166, 1145, -21, '2025-08-18 03:24:51', 1, 1),
(211, 122, 151, 1000, 1020, 20, '2025-08-18 03:24:51', 1, 1),
(212, 123, 1, 1145, 1158, 13, '2025-08-18 03:25:55', 1, 1),
(213, 123, 152, 1000, 990, -10, '2025-08-18 03:25:55', 1, 1),
(214, 124, 1, 1158, 1169, 11, '2025-08-18 03:31:25', 1, 1),
(215, 124, 153, 1000, 991, -9, '2025-08-18 03:31:25', 1, 1),
(216, 125, 1, 1169, 1180, 11, '2025-08-18 03:34:48', 1, 1),
(217, 125, 154, 1000, 991, -9, '2025-08-18 03:34:48', 1, 1),
(218, 126, 1, 1180, 1191, 11, '2025-08-18 03:39:20', 1, 1),
(219, 126, 155, 1000, 991, -9, '2025-08-18 03:39:20', 1, 1),
(220, 127, 1, 1191, 1202, 11, '2025-08-18 03:40:26', 1, 1),
(221, 127, 156, 1000, 991, -9, '2025-08-18 03:40:26', 1, 1),
(222, 128, 1, 1202, 1178, -24, '2025-08-19 23:17:33', 1, 1),
(223, 128, 157, 1000, 1026, 26, '2025-08-19 23:17:33', 1, 1),
(224, 129, 1, 1178, 1157, -21, '2025-08-19 23:46:56', 1, 1),
(225, 129, 158, 1000, 1021, 21, '2025-08-19 23:46:56', 1, 1),
(226, 130, 1, 1157, 1136, -21, '2025-08-20 01:17:53', 1, 1),
(227, 130, 159, 1000, 1019, 19, '2025-08-20 01:17:53', 1, 1),
(228, 131, 1, 1136, 1118, -18, '2025-08-21 11:47:43', 1, 1),
(229, 131, 160, 1000, 1019, 19, '2025-08-21 11:47:43', 1, 1),
(230, 132, 1, 1118, 1100, -18, '2025-08-21 14:05:08', 1, 1),
(231, 132, 161, 1000, 1018, 18, '2025-08-21 14:05:08', 1, 1),
(232, 133, 1, 1100, 1083, 12, '2025-08-21 14:44:35', 1, 1),
(233, 133, 162, 1000, 1018, -12, '2025-08-21 14:44:35', 1, 1),
(250, 134, 1, 1156, 1168, 12, '2025-08-21 15:26:13', 1, 1),
(251, 134, 163, 1000, 991, -9, '2025-08-21 15:26:13', 1, 1),
(252, 135, 1, 1168, 1147, -21, '2025-08-21 21:19:47', 1, 1),
(253, 135, 164, 1000, 1019, 19, '2025-08-21 21:19:47', 1, 1),
(254, 138, 1, 1147, 1160, 13, '2025-08-22 01:03:57', 1, 1),
(255, 138, 167, 1000, 990, -10, '2025-08-22 01:03:57', 1, 1),
(256, 136, 1, 1160, 1172, 12, '2025-08-22 01:04:31', 1, 1),
(257, 136, 165, 1000, 991, -9, '2025-08-22 01:04:31', 1, 1),
(258, 137, 1, 1172, 1183, 11, '2025-08-22 01:04:48', 1, 1),
(259, 137, 166, 1000, 991, -9, '2025-08-22 01:04:48', 1, 1),
(260, 140, 1, 1183, 1194, 11, '2025-08-22 11:38:25', 1, 1),
(261, 140, 169, 1000, 991, -9, '2025-08-22 11:38:25', 1, 1),
(262, 143, 1, 1194, 1205, 11, '2025-08-22 12:28:21', 1, 1),
(263, 143, 172, 1000, 991, -9, '2025-08-22 12:28:21', 1, 1),
(264, 144, 1, 1205, 1181, -24, '2025-08-22 13:30:44', 1, 1),
(265, 144, 173, 1000, 1020, 20, '2025-08-22 13:30:44', 1, 1),
(266, 145, 1, 1181, 1192, 11, '2025-08-23 01:21:18', 1, 1),
(267, 145, 174, 1000, 991, -9, '2025-08-23 01:21:18', 1, 1),
(268, 146, 1, 1192, 1203, 11, '2025-08-23 02:05:22', 1, 1),
(269, 146, 175, 1000, 991, -9, '2025-08-23 02:05:22', 1, 1),
(270, 147, 1, 1203, 1214, 11, '2025-08-23 15:47:12', 1, 1),
(271, 147, 176, 1000, 992, -8, '2025-08-23 15:47:12', 1, 1),
(272, 148, 179, 1000, 988, -12, '2025-08-25 21:30:41', 1, 1),
(273, 148, 177, 1000, 1017, 17, '2025-08-25 21:30:41', 1, 1),
(274, 149, 177, 1017, 1035, 18, '2025-08-25 21:35:44', 1, 1),
(275, 149, 180, 1000, 988, -12, '2025-08-25 21:35:44', 1, 1),
(276, 152, 177, 1035, 1053, 18, '2025-08-25 21:37:27', 1, 1),
(277, 152, 180, 988, 977, -11, '2025-08-25 21:37:27', 1, 1),
(278, 150, 178, 1000, 987, -13, '2025-08-25 21:41:41', 1, 1),
(279, 150, 180, 977, 996, 19, '2025-08-25 21:41:41', 1, 1),
(280, 151, 178, 987, 975, -12, '2025-08-25 21:42:30', 1, 1),
(281, 151, 179, 988, 1006, 18, '2025-08-25 21:42:30', 1, 1),
(282, 154, 1, 1214, 1225, 11, '2025-08-27 11:20:20', 1, 1),
(283, 154, 182, 1000, 992, -8, '2025-08-27 11:20:20', 1, 1),
(284, 139, 1, 1225, 1236, 11, '2025-08-27 13:27:07', 1, 1),
(285, 139, 168, 1000, 992, -8, '2025-08-27 13:27:07', 1, 1),
(286, 155, 1, 1236, 1247, 11, '2025-08-27 14:21:26', 1, 1),
(287, 155, 183, 1000, 992, -8, '2025-08-27 14:21:26', 1, 1),
(288, 156, 1, 1247, 1257, 10, '2025-08-27 23:38:36', 1, 1),
(289, 156, 184, 1000, 992, -8, '2025-08-27 23:38:36', 1, 1),
(290, 157, 1, 1257, 1229, -28, '2025-08-27 23:56:17', 1, 1),
(291, 157, 185, 1000, 1020, 20, '2025-08-27 23:56:17', 1, 1),
(292, 158, 1, 1229, 1240, 11, '2025-08-28 15:48:15', 1, 1),
(293, 158, 186, 1000, 992, -8, '2025-08-28 15:48:15', 1, 1),
(294, 159, 1, 1240, 1215, -25, '2025-08-28 20:52:48', 1, 1),
(295, 159, 187, 1000, 1022, 22, '2025-08-28 20:52:48', 1, 1),
(296, 160, 1, 1215, 1226, 11, '2025-08-30 23:59:24', 1, 1),
(297, 160, 188, 1000, 992, -8, '2025-08-30 23:59:24', 1, 1),
(302, 163, 233, 1000, 988, -12, '2025-09-04 23:19:37', 1, 2),
(303, 163, 199, 1000, 1018, 18, '2025-09-04 23:19:37', 1, 2),
(304, 164, 197, 1000, 1017, 17, '2025-09-04 23:33:24', 1, 2),
(305, 164, 213, 1000, 988, -12, '2025-09-04 23:33:24', 1, 2),
(306, 165, 199, 1018, 1005, -13, '2025-09-04 23:42:57', 1, 2),
(307, 165, 233, 988, 1008, 20, '2025-09-04 23:42:57', 1, 2),
(308, 166, 199, 1005, 993, -12, '2025-09-05 00:07:23', 1, 2),
(309, 166, 197, 1017, 1036, 19, '2025-09-05 00:07:23', 1, 2),
(314, 170, 214, 1000, 1018, 18, '2025-09-05 10:06:13', 1, 2),
(315, 170, 177, 1000, 988, -12, '2025-09-05 10:06:14', 1, 2),
(316, 171, 177, 988, 977, -11, '2025-09-05 10:40:43', 1, 2),
(317, 171, 214, 1018, 1036, 18, '2025-09-05 10:40:43', 1, 2),
(318, 172, 177, 977, 965, -12, '2025-09-05 12:13:41', 1, 2),
(319, 172, 213, 988, 1009, 21, '2025-09-05 12:13:41', 1, 2),
(320, 173, 5, 1000, 1019, 19, '2025-09-05 13:06:59', 1, 2),
(321, 173, 177, 965, 954, -11, '2025-09-05 13:06:59', 1, 2),
(322, 174, 214, 1036, 1023, -13, '2025-09-05 17:14:37', 1, 2),
(323, 174, 179, 1000, 1019, 19, '2025-09-05 17:14:37', 1, 2),
(324, 175, 179, 1019, 1007, -12, '2025-09-05 17:46:27', 1, 2),
(325, 175, 213, 1009, 1026, 17, '2025-09-05 17:46:27', 1, 2),
(326, 176, 5, 1019, 1037, 18, '2025-09-05 20:39:42', 1, 2),
(327, 176, 199, 993, 982, -11, '2025-09-05 20:39:42', 1, 2),
(328, 179, 5, 1037, 1055, 18, '2025-09-05 22:05:12', 1, 2),
(329, 179, 199, 982, 971, -11, '2025-09-05 22:05:12', 1, 2),
(330, 180, 197, 1036, 1053, 17, '2025-09-05 22:19:28', 1, 2),
(331, 180, 213, 1026, 1014, -12, '2025-09-05 22:19:28', 1, 2),
(332, 181, 199, 971, 961, -10, '2025-09-05 22:26:46', 1, 2),
(333, 181, 5, 1055, 1071, 16, '2025-09-05 22:26:46', 1, 2),
(334, 182, 213, 1014, 1031, 17, '2025-09-05 22:46:23', 1, 2),
(335, 182, 209, 1000, 988, -12, '2025-09-05 22:46:23', 1, 2),
(336, 183, 268, 1000, 1018, 18, '2025-09-05 22:48:50', 1, 2),
(337, 183, 197, 1053, 1038, -15, '2025-09-05 22:48:50', 1, 2),
(338, 184, 199, 961, 951, -10, '2025-09-05 22:49:57', 1, 2),
(339, 184, 5, 1071, 1087, 16, '2025-09-05 22:49:57', 1, 2),
(340, 186, 197, 1038, 1055, 17, '2025-09-05 23:11:12', 1, 2),
(341, 186, 5, 1087, 1072, -15, '2025-09-05 23:11:12', 1, 2),
(342, 185, 199, 951, 971, 20, '2025-09-05 23:13:38', 1, 2),
(343, 185, 202, 1000, 986, -14, '2025-09-05 23:13:38', 1, 2),
(344, 187, 209, 988, 977, -11, '2025-09-05 23:20:24', 1, 2),
(345, 187, 268, 1018, 1037, 19, '2025-09-05 23:20:24', 1, 2),
(348, 188, 197, 1055, 1071, 16, '2025-09-05 23:30:02', 1, 2),
(349, 188, 213, 1031, 1019, -12, '2025-09-05 23:30:03', 1, 2),
(350, 190, 268, 1037, 1025, -12, '2025-09-05 23:42:32', 1, 2),
(351, 190, 5, 1072, 1088, 16, '2025-09-05 23:42:32', 1, 2),
(352, 191, 209, 977, 996, 19, '2025-09-05 23:44:46', 1, 2),
(353, 191, 199, 971, 959, -12, '2025-09-05 23:44:46', 1, 2),
(356, 192, 268, 1025, 1044, 19, '2025-09-06 00:03:30', 1, 2),
(357, 192, 202, 986, 975, -11, '2025-09-06 00:03:30', 1, 2),
(358, 194, 197, 1071, 1087, 16, '2025-09-06 00:11:15', 1, 2),
(359, 194, 5, 1088, 1074, -14, '2025-09-06 00:11:15', 1, 2),
(360, 195, 213, 1019, 1037, 18, '2025-09-06 00:33:56', 1, 2),
(361, 195, 268, 1044, 1031, -13, '2025-09-06 00:33:56', 1, 2),
(362, 196, 202, 975, 965, -10, '2025-09-06 00:43:29', 1, 2),
(363, 196, 197, 1087, 1103, 16, '2025-09-06 00:43:29', 1, 2),
(364, 197, 268, 1031, 1020, -11, '2025-09-06 01:05:23', 1, 2),
(365, 197, 197, 1103, 1118, 15, '2025-09-06 01:05:23', 1, 2),
(366, 198, 231, 1000, 988, -12, '2025-09-06 05:01:25', 1, 2),
(367, 198, 230, 1000, 1017, 17, '2025-09-06 05:01:25', 1, 2),
(368, 199, 231, 988, 977, -11, '2025-09-06 05:22:27', 1, 2),
(369, 199, 230, 1017, 1033, 16, '2025-09-06 05:22:27', 1, 2),
(370, 200, 231, 977, 996, 19, '2025-09-06 07:47:42', 1, 2),
(371, 200, 200, 1000, 987, -13, '2025-09-06 07:47:42', 1, 2),
(372, 201, 200, 987, 1006, 19, '2025-09-06 08:17:37', 1, 2),
(373, 201, 231, 996, 984, -12, '2025-09-06 08:17:37', 1, 2),
(374, 202, 231, 984, 1003, 19, '2025-09-06 08:37:38', 1, 2),
(375, 202, 200, 1006, 993, -13, '2025-09-06 08:37:38', 1, 2),
(376, 203, 177, 954, 944, -10, '2025-09-06 11:10:58', 1, 2),
(377, 203, 213, 1037, 1053, 16, '2025-09-06 11:10:58', 1, 2),
(378, 205, 213, 1053, 1068, 15, '2025-09-06 13:22:23', 1, 2),
(379, 205, 177, 944, 935, -9, '2025-09-06 13:22:23', 1, 2),
(380, 204, 200, 993, 981, -12, '2025-09-06 13:31:55', 1, 2),
(381, 204, 180, 1000, 1018, 18, '2025-09-06 13:31:55', 1, 2),
(382, 206, 177, 935, 925, -10, '2025-09-06 13:45:36', 1, 2),
(383, 206, 233, 1008, 1024, 16, '2025-09-06 13:45:36', 1, 2),
(384, 207, 200, 981, 970, -11, '2025-09-06 13:53:41', 1, 2),
(385, 207, 180, 1018, 1040, 22, '2025-09-06 13:53:41', 1, 2),
(388, 208, 197, 1118, 1131, 13, '2025-09-06 14:18:16', 1, 2),
(389, 208, 177, 925, 917, -8, '2025-09-06 14:18:16', 1, 2),
(390, 210, 233, 1024, 1040, 16, '2025-09-06 14:38:39', 1, 2),
(391, 210, 212, 1000, 988, -12, '2025-09-06 14:38:39', 1, 2),
(392, 211, 177, 917, 909, -8, '2025-09-06 14:42:49', 1, 2),
(393, 211, 197, 1131, 1144, 13, '2025-09-06 14:42:49', 1, 2),
(394, 212, 230, 1033, 1048, 15, '2025-09-06 14:56:15', 1, 2),
(395, 212, 200, 970, 959, -11, '2025-09-06 14:56:15', 1, 2),
(396, 213, 202, 965, 953, -12, '2025-09-06 15:43:02', 1, 2),
(397, 213, 212, 988, 1006, 18, '2025-09-06 15:43:02', 1, 2),
(398, 214, 202, 953, 942, -11, '2025-09-06 16:04:12', 1, 2),
(399, 214, 212, 1006, 1022, 16, '2025-09-06 16:04:12', 1, 2),
(400, 215, 212, 1022, 1038, 16, '2025-09-06 16:25:37', 1, 2),
(401, 215, 202, 942, 932, -10, '2025-09-06 16:25:37', 1, 2),
(402, 216, 212, 1038, 1026, -12, '2025-09-06 17:23:54', 1, 2),
(403, 216, 180, 1040, 1059, 19, '2025-09-06 17:23:54', 1, 2),
(404, 217, 199, 959, 949, -10, '2025-09-06 17:42:21', 1, 2),
(405, 217, 180, 1059, 1075, 16, '2025-09-06 17:42:21', 1, 2),
(406, 218, 202, 932, 952, 20, '2025-09-06 18:02:11', 1, 2),
(407, 218, 199, 949, 937, -12, '2025-09-06 18:02:11', 1, 2),
(408, 219, 180, 1075, 1091, 16, '2025-09-06 18:21:50', 1, 2),
(409, 219, 200, 959, 949, -10, '2025-09-06 18:21:50', 1, 2),
(410, 220, 180, 1091, 1106, 15, '2025-09-06 18:41:08', 1, 2),
(411, 220, 202, 952, 943, -9, '2025-09-06 18:41:08', 1, 2),
(412, 221, 200, 949, 969, 20, '2025-09-06 19:08:12', 1, 2),
(413, 221, 202, 943, 932, -11, '2025-09-06 19:08:12', 1, 2),
(414, 222, 202, 932, 923, -9, '2025-09-06 19:30:58', 1, 2),
(415, 222, 230, 1048, 1063, 15, '2025-09-06 19:30:58', 1, 2),
(416, 223, 180, 1106, 1092, -14, '2025-09-06 20:46:06', 1, 2),
(417, 223, 197, 1144, 1159, 15, '2025-09-06 20:46:06', 1, 2),
(418, 224, 197, 1159, 1173, 14, '2025-09-06 21:09:01', 1, 2),
(419, 224, 180, 1092, 1080, -12, '2025-09-06 21:09:01', 1, 2),
(420, 225, 197, 1173, 1184, 11, '2025-09-06 23:36:30', 1, 2),
(421, 225, 268, 1020, 1011, -9, '2025-09-06 23:36:30', 1, 2),
(422, 226, 177, 909, 901, -8, '2025-09-07 11:36:20', 1, 2),
(423, 226, 180, 1080, 1093, 13, '2025-09-07 11:36:20', 1, 2),
(424, 227, 177, 901, 891, -10, '2025-09-07 12:10:39', 1, 2),
(425, 227, 178, 1000, 1016, 16, '2025-09-07 12:10:39', 1, 2),
(426, 228, 208, 1000, 1015, 15, '2025-09-07 12:36:35', 1, 2),
(427, 228, 177, 891, 882, -9, '2025-09-07 12:36:36', 1, 2),
(428, 229, 178, 1016, 1034, 18, '2025-09-07 13:04:24', 1, 2),
(429, 229, 208, 1015, 1003, -12, '2025-09-07 13:04:24', 1, 2),
(430, 230, 180, 1093, 1082, -11, '2025-09-07 13:38:11', 1, 2),
(431, 230, 197, 1184, 1197, 13, '2025-09-07 13:38:11', 1, 2),
(432, 231, 197, 1197, 1176, -21, '2025-09-07 15:03:06', 1, 2),
(433, 231, 178, 1034, 1054, 20, '2025-09-07 15:03:06', 1, 2),
(434, 232, 197, 1176, 1187, 11, '2025-09-07 15:36:21', 1, 2),
(435, 232, 177, 882, 876, -6, '2025-09-07 15:36:21', 1, 2),
(436, 233, 178, 1054, 1041, -13, '2025-09-07 16:46:11', 1, 2),
(437, 233, 180, 1082, 1098, 16, '2025-09-07 16:46:11', 1, 2),
(438, 234, 213, 1068, 1054, -14, '2025-09-07 17:04:55', 1, 2),
(439, 234, 178, 1041, 1059, 18, '2025-09-07 17:04:55', 1, 2),
(440, 235, 213, 1054, 1071, 17, '2025-09-07 17:23:43', 1, 2),
(441, 235, 180, 1098, 1084, -14, '2025-09-07 17:23:43', 1, 2),
(442, 236, 230, 1063, 1050, -13, '2025-09-07 17:31:56', 1, 2),
(443, 236, 178, 1059, 1077, 18, '2025-09-07 17:31:56', 1, 2),
(444, 237, 213, 1071, 1058, -13, '2025-09-07 17:45:21', 1, 2),
(445, 237, 180, 1084, 1100, 16, '2025-09-07 17:45:22', 1, 2),
(446, 238, 206, 1000, 989, -11, '2025-09-07 17:59:19', 1, 2),
(447, 238, 178, 1077, 1091, 14, '2025-09-07 17:59:20', 1, 2),
(448, 239, 230, 1050, 1038, -12, '2025-09-07 18:04:37', 1, 2),
(449, 239, 180, 1100, 1115, 15, '2025-09-07 18:04:37', 1, 2),
(450, 240, 213, 1058, 1072, 14, '2025-09-07 18:15:37', 1, 2),
(451, 240, 200, 969, 959, -10, '2025-09-07 18:15:37', 1, 2),
(452, 241, 180, 1115, 1128, 13, '2025-09-07 18:24:26', 1, 2),
(453, 241, 206, 989, 979, -10, '2025-09-07 18:24:26', 1, 2),
(454, 242, 230, 1038, 1026, -12, '2025-09-07 18:36:40', 1, 2),
(455, 242, 213, 1072, 1088, 16, '2025-09-07 18:36:40', 1, 2),
(456, 243, 197, 1187, 1199, 12, '2025-09-07 19:42:28', 1, 2),
(457, 243, 213, 1088, 1077, -11, '2025-09-07 19:42:28', 1, 2),
(458, 244, 233, 1040, 1057, 17, '2025-09-07 20:30:00', 1, 2),
(459, 244, 214, 1023, 1011, -12, '2025-09-07 20:30:00', 1, 2),
(460, 245, 214, 1011, 1002, -9, '2025-09-07 21:01:48', 1, 2),
(461, 245, 197, 1199, 1211, 12, '2025-09-07 21:01:48', 1, 2),
(462, 246, 199, 937, 928, -9, '2025-09-07 21:21:54', 1, 2),
(463, 246, 213, 1077, 1091, 14, '2025-09-07 21:21:54', 1, 2),
(464, 248, 213, 1091, 1078, -13, '2025-09-07 21:53:40', 1, 2),
(465, 248, 178, 1091, 1107, 16, '2025-09-07 21:53:40', 1, 2),
(466, 247, 5, 1074, 1059, -15, '2025-09-07 22:03:29', 1, 2),
(467, 247, 214, 1002, 1021, 19, '2025-09-07 22:03:29', 1, 2),
(468, 249, 197, 1211, 1224, 13, '2025-09-07 22:15:33', 1, 2),
(469, 249, 213, 1078, 1067, -11, '2025-09-07 22:15:33', 1, 2),
(470, 250, 230, 1026, 1014, -12, '2025-09-07 22:33:52', 1, 2),
(471, 250, 214, 1021, 1039, 18, '2025-09-07 22:33:52', 1, 2),
(474, 252, 214, 1039, 1057, 18, '2025-09-08 18:06:54', 1, 2),
(475, 252, 195, 1000, 988, -12, '2025-09-08 18:06:54', 1, 2),
(476, 253, 179, 1007, 1026, 19, '2025-09-08 18:25:42', 1, 2),
(477, 253, 180, 1128, 1110, -18, '2025-09-08 18:25:42', 1, 2),
(478, 254, 179, 1026, 1044, 18, '2025-09-08 18:48:50', 1, 2),
(479, 254, 180, 1110, 1093, -17, '2025-09-08 18:48:50', 1, 2),
(480, 256, 203, 1000, 1017, 17, '2025-09-08 22:02:04', 1, 2),
(481, 256, 202, 923, 913, -10, '2025-09-08 22:02:04', 1, 2),
(482, 255, 213, 1067, 1083, 16, '2025-09-08 22:05:35', 1, 2),
(483, 255, 214, 1057, 1044, -13, '2025-09-08 22:05:35', 1, 2),
(484, 257, 197, 1224, 1237, 13, '2025-09-08 22:08:54', 1, 2),
(485, 257, 178, 1107, 1095, -12, '2025-09-08 22:08:54', 1, 2),
(486, 258, 203, 1017, 1035, 18, '2025-09-08 22:27:41', 1, 2),
(487, 258, 208, 1003, 991, -12, '2025-09-08 22:27:41', 1, 2),
(488, 259, 202, 913, 904, -9, '2025-09-08 22:29:01', 1, 2),
(489, 259, 214, 1044, 1058, 14, '2025-09-08 22:29:01', 1, 2),
(490, 260, 209, 996, 1020, 24, '2025-09-08 22:37:49', 1, 2),
(491, 260, 178, 1095, 1079, -16, '2025-09-08 22:37:49', 1, 2),
(492, 261, 178, 1079, 1065, -14, '2025-09-08 23:31:01', 1, 2),
(493, 261, 203, 1035, 1053, 18, '2025-09-08 23:31:01', 1, 2),
(494, 262, 197, 1237, 1214, -23, '2025-09-08 23:35:56', 1, 2),
(495, 262, 214, 1058, 1079, 21, '2025-09-08 23:35:56', 1, 2),
(496, 263, 202, 904, 895, -9, '2025-09-08 23:50:22', 1, 2),
(497, 263, 203, 1053, 1067, 14, '2025-09-08 23:50:22', 1, 2),
(498, 264, 195, 988, 978, -10, '2025-09-09 00:07:39', 1, 2),
(499, 264, 214, 1079, 1094, 15, '2025-09-09 00:07:39', 1, 2),
(500, 265, 213, 1083, 1099, 16, '2025-09-09 14:56:10', 1, 2),
(501, 265, 203, 1067, 1054, -13, '2025-09-09 14:56:10', 1, 2),
(502, 266, 206, 979, 1000, 21, '2025-09-09 16:34:42', 1, 2),
(503, 266, 203, 1054, 1039, -15, '2025-09-09 16:34:43', 1, 2),
(504, 267, 214, 1094, 1079, -15, '2025-09-09 16:54:51', 1, 2),
(505, 267, 203, 1039, 1058, 19, '2025-09-09 16:54:51', 1, 2),
(506, 268, 195, 978, 966, -12, '2025-09-09 17:14:40', 1, 2),
(507, 268, 206, 1000, 1018, 18, '2025-09-09 17:14:40', 1, 2),
(508, 269, 203, 1058, 1074, 16, '2025-09-09 17:17:35', 1, 2),
(509, 269, 214, 1079, 1065, -14, '2025-09-09 17:17:35', 1, 2),
(510, 270, 203, 1074, 1061, -13, '2025-09-09 17:36:46', 1, 2),
(511, 270, 214, 1065, 1081, 16, '2025-09-09 17:36:46', 1, 2),
(512, 271, 206, 1018, 1036, 18, '2025-09-09 17:45:41', 1, 2),
(513, 271, 195, 966, 955, -11, '2025-09-09 17:45:41', 1, 2),
(514, 272, 213, 1099, 1114, 15, '2025-09-09 18:01:07', 1, 2),
(515, 272, 214, 1081, 1068, -13, '2025-09-09 18:01:07', 1, 2),
(516, 273, 206, 1036, 1024, -12, '2025-09-09 18:05:07', 1, 2),
(517, 273, 203, 1061, 1076, 15, '2025-09-09 18:05:07', 1, 2),
(518, 274, 179, 1044, 1033, -11, '2025-09-09 18:19:40', 1, 2),
(519, 274, 180, 1093, 1107, 14, '2025-09-09 18:19:40', 1, 2),
(520, 275, 203, 1076, 1092, 16, '2025-09-09 18:26:48', 1, 2),
(521, 275, 206, 1024, 1013, -11, '2025-09-09 18:26:48', 1, 2),
(522, 276, 180, 1107, 1120, 13, '2025-09-09 18:39:09', 1, 2),
(523, 276, 179, 1033, 1022, -11, '2025-09-09 18:39:09', 1, 2),
(524, 277, 197, 1214, 1227, 13, '2025-09-09 20:34:15', 1, 2),
(525, 277, 203, 1092, 1081, -11, '2025-09-09 20:34:15', 1, 2),
(526, 278, 178, 1065, 1083, 18, '2025-09-09 20:52:00', 1, 2),
(527, 278, 179, 1022, 1010, -12, '2025-09-09 20:52:00', 1, 2),
(528, 279, 203, 1081, 1095, 14, '2025-09-09 21:01:06', 1, 2),
(529, 279, 199, 928, 919, -9, '2025-09-09 21:01:06', 1, 2),
(530, 280, 214, 1068, 1053, -15, '2025-09-09 21:11:39', 1, 2),
(531, 280, 179, 1010, 1028, 18, '2025-09-09 21:11:39', 1, 2),
(532, 281, 199, 919, 911, -8, '2025-09-09 21:28:12', 1, 2),
(533, 281, 178, 1083, 1097, 14, '2025-09-09 21:28:12', 1, 2),
(534, 282, 179, 1028, 1046, 18, '2025-09-09 21:28:37', 1, 2),
(535, 282, 214, 1053, 1039, -14, '2025-09-09 21:28:37', 1, 2),
(536, 283, 214, 1039, 1026, -13, '2025-09-09 21:45:36', 1, 2),
(537, 283, 206, 1013, 1031, 18, '2025-09-09 21:45:36', 1, 2),
(538, 285, 233, 1057, 1043, -14, '2025-09-09 22:05:26', 1, 2),
(539, 285, 206, 1031, 1050, 19, '2025-09-09 22:05:26', 1, 2),
(540, 284, 199, 911, 903, -8, '2025-09-09 22:10:35', 1, 2),
(541, 284, 178, 1097, 1109, 12, '2025-09-09 22:10:35', 1, 2),
(542, 286, 206, 1050, 1066, 16, '2025-09-09 22:25:41', 1, 2),
(543, 286, 214, 1026, 1014, -12, '2025-09-09 22:25:41', 1, 2),
(544, 287, 199, 903, 895, -8, '2025-09-09 22:42:32', 1, 2),
(545, 287, 206, 1066, 1079, 13, '2025-09-09 22:42:32', 1, 2),
(546, 288, 208, 991, 979, -12, '2025-09-09 22:59:48', 1, 2),
(547, 288, 214, 1014, 1033, 19, '2025-09-09 22:59:48', 1, 2),
(548, 289, 203, 1095, 1081, -14, '2025-09-09 23:16:23', 1, 2),
(549, 289, 206, 1079, 1095, 16, '2025-09-09 23:16:23', 1, 2),
(550, 290, 54, 1000, 988, -12, '2025-09-09 23:36:06', 1, 2),
(551, 290, 214, 1033, 1052, 19, '2025-09-09 23:36:06', 1, 2),
(552, 291, 5, 1059, 1075, 16, '2025-09-09 23:41:35', 1, 2),
(553, 291, 203, 1081, 1067, -14, '2025-09-09 23:41:35', 1, 2),
(554, 292, 203, 1067, 1054, -13, '2025-09-10 00:03:50', 1, 2),
(555, 292, 5, 1075, 1092, 17, '2025-09-10 00:03:50', 1, 2),
(556, 293, 5, 1092, 1078, -14, '2025-09-10 00:21:55', 1, 2),
(557, 293, 203, 1054, 1070, 16, '2025-09-10 00:21:55', 1, 2),
(558, 295, 214, 1052, 1069, 17, '2025-09-10 16:29:49', 1, 2),
(559, 295, 213, 1114, 1097, -17, '2025-09-10 16:29:49', 1, 2),
(560, 296, 214, 1069, 1084, 15, '2025-09-10 16:58:12', 1, 2),
(561, 296, 213, 1097, 1083, -14, '2025-09-10 16:58:12', 1, 2),
(562, 297, 206, 1095, 1111, 16, '2025-09-10 17:24:09', 1, 2),
(563, 297, 213, 1083, 1070, -13, '2025-09-10 17:24:09', 1, 2),
(564, 298, 203, 1070, 1056, -14, '2025-09-10 17:35:53', 1, 2),
(565, 298, 179, 1046, 1064, 18, '2025-09-10 17:35:53', 1, 2),
(566, 299, 213, 1070, 1086, 16, '2025-09-10 19:07:29', 1, 2),
(567, 299, 203, 1056, 1043, -13, '2025-09-10 19:07:29', 1, 2),
(568, 300, 203, 1043, 1032, -11, '2025-09-10 20:33:53', 1, 2),
(569, 300, 180, 1120, 1134, 14, '2025-09-10 20:33:53', 1, 2),
(570, 301, 203, 1032, 1022, -10, '2025-09-10 20:52:34', 1, 2),
(571, 301, 180, 1134, 1149, 15, '2025-09-10 20:52:34', 1, 2),
(572, 302, 203, 1022, 1012, -10, '2025-09-10 21:12:49', 1, 2),
(573, 302, 180, 1149, 1162, 13, '2025-09-10 21:12:49', 1, 2),
(574, 303, 195, 955, 944, -11, '2025-09-10 21:31:01', 1, 2),
(575, 303, 203, 1012, 1028, 16, '2025-09-10 21:31:01', 1, 2),
(576, 304, 180, 1162, 1147, -15, '2025-09-10 21:49:14', 1, 2),
(577, 304, 197, 1227, 1241, 14, '2025-09-10 21:49:14', 1, 2),
(578, 305, 195, 944, 935, -9, '2025-09-10 22:04:23', 1, 2),
(579, 305, 213, 1086, 1099, 13, '2025-09-10 22:04:23', 1, 2),
(580, 306, 214, 1084, 1097, 13, '2025-09-10 22:05:02', 1, 2),
(581, 306, 199, 895, 887, -8, '2025-09-10 22:05:03', 1, 2),
(582, 307, 213, 1099, 1116, 17, '2025-09-10 22:22:48', 1, 2),
(583, 307, 214, 1097, 1084, -13, '2025-09-10 22:22:48', 1, 2),
(584, 308, 206, 1111, 1125, 14, '2025-09-11 16:40:38', 1, 2),
(585, 308, 203, 1028, 1017, -11, '2025-09-11 16:40:38', 1, 2),
(586, 309, 214, 1084, 1071, -13, '2025-09-11 17:44:12', 1, 2),
(587, 309, 206, 1125, 1140, 15, '2025-09-11 17:44:12', 1, 2),
(588, 310, 214, 1071, 1089, 18, '2025-09-11 17:59:55', 1, 2),
(589, 310, 206, 1140, 1123, -17, '2025-09-11 17:59:55', 1, 2),
(590, 311, 214, 1089, 1076, -13, '2025-09-11 18:39:26', 1, 2),
(591, 311, 206, 1123, 1137, 14, '2025-09-11 18:39:26', 1, 2),
(592, 312, 203, 1017, 1037, 20, '2025-09-11 18:58:21', 1, 2),
(593, 312, 206, 1137, 1119, -18, '2025-09-11 18:58:21', 1, 2),
(594, 313, 195, 935, 959, 24, '2025-09-11 19:16:42', 1, 2),
(595, 313, 178, 1109, 1090, -19, '2025-09-11 19:16:42', 1, 2),
(596, 314, 203, 1037, 1026, -11, '2025-09-11 19:17:59', 1, 2),
(597, 314, 206, 1119, 1133, 14, '2025-09-11 19:17:59', 1, 2),
(598, 315, 195, 959, 948, -11, '2025-09-11 19:38:15', 1, 2),
(599, 315, 203, 1026, 1041, 15, '2025-09-11 19:38:15', 1, 2),
(600, 316, 206, 1133, 1146, 13, '2025-09-11 20:00:54', 1, 2),
(601, 316, 195, 948, 940, -8, '2025-09-11 20:00:54', 1, 2),
(602, 317, 212, 1026, 1014, -12, '2025-09-11 20:43:22', 1, 2),
(603, 317, 203, 1041, 1059, 18, '2025-09-11 20:43:22', 1, 2),
(604, 318, 5, 1078, 1096, 18, '2025-09-11 20:45:16', 1, 2),
(605, 318, 178, 1090, 1077, -13, '2025-09-11 20:45:16', 1, 2),
(606, 319, 195, 940, 959, 19, '2025-09-11 20:45:17', 1, 2),
(607, 319, 202, 895, 885, -10, '2025-09-11 20:45:17', 1, 2),
(608, 320, 209, 1020, 1008, -12, '2025-09-11 20:46:15', 1, 2),
(609, 320, 233, 1043, 1061, 18, '2025-09-11 20:46:15', 1, 2),
(610, 322, 213, 1116, 1129, 13, '2025-09-11 20:47:41', 1, 2),
(611, 322, 54, 988, 978, -10, '2025-09-11 20:47:41', 1, 2),
(612, 321, 199, 887, 876, -11, '2025-09-11 20:48:35', 1, 2),
(613, 321, 177, 876, 900, 24, '2025-09-11 20:48:35', 1, 2),
(614, 323, 197, 1241, 1254, 13, '2025-09-11 21:06:33', 1, 2),
(615, 323, 180, 1147, 1134, -13, '2025-09-11 21:06:33', 1, 2),
(616, 326, 177, 900, 888, -12, '2025-09-11 21:08:24', 1, 2),
(617, 326, 199, 876, 900, 24, '2025-09-11 21:08:24', 1, 2),
(618, 327, 233, 1061, 1077, 16, '2025-09-11 21:08:25', 1, 2),
(619, 327, 178, 1077, 1063, -14, '2025-09-11 21:08:25', 1, 2),
(620, 329, 202, 885, 875, -10, '2025-09-11 21:12:27', 1, 2),
(621, 329, 195, 959, 978, 19, '2025-09-11 21:12:27', 1, 2),
(622, 328, 213, 1129, 1142, 13, '2025-09-11 21:13:15', 1, 2),
(623, 328, 209, 1008, 998, -10, '2025-09-11 21:13:15', 1, 2),
(624, 325, 212, 1014, 1030, 16, '2025-09-11 21:13:45', 1, 2),
(625, 325, 54, 978, 967, -11, '2025-09-11 21:13:45', 1, 2),
(626, 324, 203, 1059, 1046, -13, '2025-09-11 21:15:32', 1, 2),
(627, 324, 5, 1096, 1110, 14, '2025-09-11 21:15:32', 1, 2),
(628, 332, 5, 1110, 1126, 16, '2025-09-11 21:48:20', 1, 2),
(629, 332, 213, 1142, 1126, -16, '2025-09-11 21:48:20', 1, 2),
(630, 331, 199, 900, 892, -8, '2025-09-11 21:51:51', 1, 2),
(631, 331, 178, 1063, 1076, 13, '2025-09-11 21:51:51', 1, 2),
(632, 333, 195, 978, 969, -9, '2025-09-11 22:10:11', 1, 2),
(633, 333, 206, 1146, 1159, 13, '2025-09-11 22:10:11', 1, 2),
(634, 334, 206, 1159, 1172, 13, '2025-09-12 14:22:54', 1, 2),
(635, 334, 213, 1126, 1112, -14, '2025-09-12 14:22:54', 1, 2),
(636, 335, 178, 1076, 1063, -13, '2025-09-12 14:49:15', 1, 2),
(637, 335, 213, 1112, 1126, 14, '2025-09-12 14:49:15', 1, 2),
(638, 336, 213, 1126, 1139, 13, '2025-09-12 15:11:36', 1, 2),
(639, 336, 178, 1063, 1051, -12, '2025-09-12 15:11:36', 1, 2),
(640, 337, 178, 1051, 1068, 17, '2025-09-12 15:32:04', 1, 2),
(641, 337, 179, 1064, 1051, -13, '2025-09-12 15:32:04', 1, 2),
(642, 338, 179, 1051, 1038, -13, '2025-09-12 15:57:28', 1, 2),
(643, 338, 178, 1068, 1084, 16, '2025-09-12 15:57:28', 1, 2),
(644, 339, 213, 1139, 1152, 13, '2025-09-12 16:16:03', 1, 2),
(645, 339, 208, 979, 970, -9, '2025-09-12 16:16:03', 1, 2),
(646, 340, 178, 1084, 1099, 15, '2025-09-12 16:21:15', 1, 2),
(647, 340, 179, 1038, 1026, -12, '2025-09-12 16:21:15', 1, 2),
(648, 341, 213, 1152, 1164, 12, '2025-09-12 16:40:22', 1, 2),
(649, 341, 208, 970, 961, -9, '2025-09-12 16:40:22', 1, 2),
(650, 342, 213, 1164, 1146, -18, '2025-09-12 16:59:18', 1, 2),
(651, 342, 178, 1099, 1116, 17, '2025-09-12 16:59:18', 1, 2),
(652, 343, 206, 1172, 1183, 11, '2025-09-12 17:14:10', 1, 2),
(653, 343, 208, 961, 953, -8, '2025-09-12 17:14:10', 1, 2),
(654, 344, 206, 1183, 1197, 14, '2025-09-12 17:36:11', 1, 2),
(655, 344, 214, 1076, 1065, -11, '2025-09-12 17:36:11', 1, 2),
(656, 345, 178, 1116, 1128, 12, '2025-09-12 17:54:23', 1, 2),
(657, 345, 208, 953, 944, -9, '2025-09-12 17:54:24', 1, 2),
(658, 346, 206, 1197, 1208, 11, '2025-09-12 18:06:05', 1, 2),
(659, 346, 236, 1000, 991, -9, '2025-09-12 18:06:05', 1, 2),
(660, 347, 214, 1065, 1081, 16, '2025-09-12 18:29:22', 1, 2),
(661, 347, 178, 1128, 1111, -17, '2025-09-12 18:29:22', 1, 2),
(662, 348, 206, 1208, 1219, 11, '2025-09-12 18:33:21', 1, 2),
(663, 348, 236, 991, 983, -8, '2025-09-12 18:33:21', 1, 2),
(664, 349, 178, 1111, 1123, 12, '2025-09-12 18:55:54', 1, 2),
(665, 349, 202, 875, 868, -7, '2025-09-12 18:55:54', 1, 2),
(666, 350, 199, 892, 885, -7, '2025-09-13 20:22:01', 1, 2),
(667, 350, 178, 1123, 1136, 13, '2025-09-13 20:22:01', 1, 2),
(668, 351, 199, 885, 878, -7, '2025-09-13 20:45:19', 1, 2),
(669, 351, 178, 1136, 1148, 12, '2025-09-13 20:45:19', 1, 2),
(670, 352, 199, 878, 872, -6, '2025-09-13 21:05:56', 1, 2),
(671, 352, 178, 1148, 1159, 11, '2025-09-13 21:05:56', 1, 2),
(672, 353, 195, 969, 962, -7, '2025-09-13 21:29:47', 1, 2),
(673, 353, 197, 1254, 1264, 10, '2025-09-13 21:29:47', 1, 2),
(674, 354, 197, 1264, 1243, -21, '2025-09-14 17:38:52', 1, 2),
(675, 354, 206, 1219, 1234, 15, '2025-09-14 17:38:52', 1, 2),
(676, 355, 206, 1234, 1246, 12, '2025-09-14 18:09:51', 1, 2),
(677, 355, 233, 1077, 1067, -10, '2025-09-14 18:09:51', 1, 2),
(678, 356, 197, 1243, 1255, 12, '2025-09-14 19:27:30', 1, 2),
(679, 356, 212, 1030, 1022, -8, '2025-09-14 19:27:30', 1, 2),
(680, 357, 5, 1126, 1140, 14, '2025-09-14 22:17:04', 1, 2),
(681, 357, 203, 1046, 1035, -11, '2025-09-14 22:17:04', 1, 2),
(682, 358, 268, 1011, 1001, -10, '2025-09-14 22:45:28', 1, 2),
(683, 358, 5, 1140, 1154, 14, '2025-09-14 22:45:28', 1, 2),
(684, 359, 180, 1134, 1150, 16, '2025-09-14 22:50:58', 1, 2),
(685, 359, 197, 1255, 1231, -24, '2025-09-14 22:50:58', 1, 2),
(686, 362, 5, 1154, 1138, -16, '2025-09-14 23:13:00', 1, 2),
(687, 362, 180, 1150, 1163, 13, '2025-09-14 23:13:00', 1, 2),
(688, 363, 197, 1231, 1242, 11, '2025-09-14 23:15:47', 1, 2),
(689, 363, 268, 1001, 993, -8, '2025-09-14 23:15:47', 1, 2),
(690, 364, 180, 1163, 1178, 15, '2025-09-14 23:33:22', 1, 2),
(691, 364, 197, 1242, 1222, -20, '2025-09-14 23:33:22', 1, 2),
(692, 365, 213, 1146, 1163, 17, '2025-09-15 14:19:35', 1, 2),
(693, 365, 178, 1159, 1143, -16, '2025-09-15 14:19:35', 1, 2),
(694, 366, 178, 1143, 1128, -15, '2025-09-15 14:47:09', 1, 2),
(695, 366, 213, 1163, 1176, 13, '2025-09-15 14:47:10', 1, 2),
(696, 367, 213, 1176, 1190, 14, '2025-09-15 15:06:13', 1, 2),
(697, 367, 178, 1128, 1114, -14, '2025-09-15 15:06:13', 1, 2),
(698, 368, 214, 1081, 1071, -10, '2025-09-15 16:16:36', 1, 2),
(699, 368, 206, 1246, 1258, 12, '2025-09-15 16:16:36', 1, 2),
(700, 369, 214, 1071, 1062, -9, '2025-09-15 16:41:39', 1, 2),
(701, 369, 206, 1258, 1269, 11, '2025-09-15 16:41:39', 1, 2),
(702, 370, 214, 1062, 1051, -11, '2025-09-15 17:53:27', 1, 2),
(703, 370, 180, 1178, 1190, 12, '2025-09-15 17:53:27', 1, 2),
(704, 371, 180, 1190, 1202, 12, '2025-09-15 18:13:48', 1, 2),
(705, 371, 214, 1051, 1041, -10, '2025-09-15 18:13:48', 1, 2),
(706, 372, 197, 1222, 1227, 5, '2025-09-15 23:11:20', 1, 2),
(707, 372, 202, 868, 863, -5, '2025-09-15 23:11:20', 1, 2),
(708, 373, 197, 1227, 1239, 12, '2025-09-15 23:47:05', 1, 2),
(709, 373, 268, 993, 985, -8, '2025-09-15 23:47:05', 1, 2),
(710, 374, 197, 1239, 1250, 11, '2025-09-16 00:11:14', 1, 2),
(711, 374, 268, 985, 978, -7, '2025-09-16 00:11:14', 1, 2),
(712, 375, 213, 1190, 1169, -21, '2025-09-16 14:52:31', 1, 2),
(713, 375, 179, 1026, 1046, 20, '2025-09-16 14:52:31', 1, 2),
(714, 376, 214, 1041, 1033, -8, '2025-09-16 15:53:08', 1, 2),
(715, 376, 206, 1269, 1279, 10, '2025-09-16 15:53:08', 1, 2),
(716, 377, 214, 1033, 1025, -8, '2025-09-16 16:22:44', 1, 2),
(717, 377, 206, 1279, 1289, 10, '2025-09-16 16:22:44', 1, 2),
(718, 378, 214, 1025, 1018, -7, '2025-09-16 16:52:56', 1, 2),
(719, 378, 206, 1289, 1299, 10, '2025-09-16 16:52:56', 1, 2),
(720, 379, 180, 1202, 1215, 13, '2025-09-16 18:26:00', 1, 2),
(721, 379, 212, 1022, 1013, -9, '2025-09-16 18:26:00', 1, 2),
(722, 380, 180, 1215, 1196, -19, '2025-09-16 20:09:05', 1, 2),
(723, 380, 213, 1169, 1183, 14, '2025-09-16 20:09:05', 1, 2),
(724, 381, 179, 1046, 1036, -10, '2025-09-16 20:28:43', 1, 2),
(725, 381, 213, 1183, 1195, 12, '2025-09-16 20:28:43', 1, 2),
(726, 382, 180, 1196, 1209, 13, '2025-09-16 21:18:31', 1, 2),
(727, 382, 213, 1195, 1179, -16, '2025-09-16 21:18:31', 1, 2),
(728, 383, 214, 1018, 1041, 23, '2025-09-16 22:42:03', 1, 2),
(729, 383, 180, 1209, 1186, -23, '2025-09-16 22:42:03', 1, 2),
(730, 384, 180, 1186, 1199, 13, '2025-09-16 23:03:22', 1, 2),
(731, 384, 214, 1041, 1031, -10, '2025-09-16 23:03:22', 1, 2),
(732, 385, 180, 1199, 1184, -15, '2025-09-16 23:22:31', 1, 2),
(733, 385, 197, 1250, 1263, 13, '2025-09-16 23:22:31', 1, 2),
(734, 386, 180, 1184, 1196, 12, '2025-09-17 18:10:24', 1, 2),
(735, 386, 212, 1013, 1004, -9, '2025-09-17 18:10:24', 1, 2),
(736, 387, 213, 1179, 1163, -16, '2025-09-17 19:21:57', 1, 2),
(737, 387, 180, 1196, 1209, 13, '2025-09-17 19:21:57', 1, 2),
(738, 388, 5, 1138, 1150, 12, '2025-09-17 19:46:50', 1, 2),
(739, 388, 54, 967, 958, -9, '2025-09-17 19:46:50', 1, 2),
(740, 389, 5, 1150, 1135, -15, '2025-09-17 20:14:26', 1, 2),
(741, 389, 180, 1209, 1222, 13, '2025-09-17 20:14:26', 1, 2),
(742, 390, 202, 863, 858, -5, '2025-09-17 20:44:46', 1, 2),
(743, 390, 197, 1263, 1268, 5, '2025-09-17 20:44:46', 1, 2),
(744, 391, 1, 1226, 1237, 11, '2025-12-03 16:24:12', 1, 1),
(745, 391, 285, 1000, 992, -8, '2025-12-03 16:24:12', 1, 1),
(746, 392, 1, 1237, 1248, 11, '2025-12-03 16:51:46', 1, 1),
(747, 392, 286, 1000, 992, -8, '2025-12-03 16:51:46', 1, 1),
(748, 393, 1, 1248, 1258, 10, '2026-01-27 16:51:28', 1, 1),
(749, 393, 287, 1000, 992, -8, '2026-01-27 16:51:28', 1, 1);

-- --------------------------------------------------------

--
-- Table structure for table `ladder_matches`
--

CREATE TABLE `ladder_matches` (
  `id` int NOT NULL,
  `player1_id` int NOT NULL,
  `player2_id` int NOT NULL,
  `player1_score` int DEFAULT '0',
  `player2_score` int DEFAULT '0',
  `status` enum('pending','confirmed','disputed','cancelled') CHARACTER SET utf8mb4 COLLATE utf8mb4_0900_ai_ci DEFAULT 'pending',
  `reported_by` int DEFAULT NULL,
  `screenshot_url` varchar(255) DEFAULT NULL,
  `match_date` timestamp NULL DEFAULT CURRENT_TIMESTAMP,
  `competition_id` int NOT NULL DEFAULT '1',
  `ladder_id` bigint NOT NULL,
  `penalty_score1` int DEFAULT NULL,
  `penalty_score2` int DEFAULT NULL
) ENGINE=InnoDB DEFAULT CHARSET=utf8mb4 COLLATE=utf8mb4_0900_ai_ci;

--
-- Dumping data for table `ladder_matches`
--

INSERT INTO `ladder_matches` (`id`, `player1_id`, `player2_id`, `player1_score`, `player2_score`, `status`, `reported_by`, `screenshot_url`, `match_date`, `competition_id`, `ladder_id`, `penalty_score1`, `penalty_score2`) VALUES
(2, 1, 6, 3, 1, 'confirmed', 1, NULL, '2025-07-18 12:34:09', 1, 1, NULL, NULL),
(3, 1, 6, 3, 1, 'confirmed', 1, NULL, '2025-07-18 12:45:00', 1, 1, NULL, NULL),
(4, 6, 1, 3, 1, 'confirmed', 6, NULL, '2025-07-18 12:52:52', 1, 1, NULL, NULL),
(5, 6, 1, 3, 2, 'confirmed', 6, NULL, '2025-07-18 13:01:10', 1, 1, NULL, NULL),
(6, 6, 1, 0, 2, 'confirmed', 6, NULL, '2025-07-18 13:02:53', 1, 1, NULL, NULL),
(7, 5, 1, 1, 1, 'confirmed', 5, NULL, '2025-07-18 14:24:57', 1, 1, 3, 2),
(8, 5, 1, 1, 1, 'confirmed', 5, NULL, '2025-07-18 14:33:02', 1, 1, 1, 0),
(9, 1, 5, 6, 2, 'confirmed', 1, NULL, '2025-07-18 14:47:55', 1, 1, NULL, NULL),
(12, 1, 33, 4, 2, 'confirmed', 1, NULL, '2025-07-27 00:59:31', 1, 1, NULL, NULL),
(16, 1, 37, 5, 1, 'confirmed', 1, NULL, '2025-07-27 15:08:28', 1, 1, NULL, NULL),
(17, 1, 38, 1, 4, 'confirmed', 1, NULL, '2025-07-27 15:29:17', 1, 1, NULL, NULL),
(18, 1, 39, 2, 1, 'confirmed', 1, NULL, '2025-07-27 15:34:18', 1, 1, NULL, NULL),
(19, 1, 40, 6, 3, 'confirmed', 1, NULL, '2025-07-27 15:35:49', 1, 1, NULL, NULL),
(20, 1, 41, 7, 3, 'confirmed', 1, NULL, '2025-07-27 15:40:42', 1, 1, NULL, NULL),
(21, 1, 42, 5, 2, 'confirmed', 1, NULL, '2025-07-27 15:45:32', 1, 1, NULL, NULL),
(22, 1, 43, 3, 1, 'confirmed', 1, NULL, '2025-07-27 15:49:59', 1, 1, NULL, NULL),
(23, 1, 44, 6, 2, 'confirmed', 1, NULL, '2025-07-28 19:08:00', 1, 1, NULL, NULL),
(24, 1, 45, 5, 2, 'confirmed', 1, NULL, '2025-07-28 19:14:16', 1, 1, NULL, NULL),
(25, 1, 46, 6, 0, 'confirmed', 1, NULL, '2025-07-28 21:39:17', 1, 1, NULL, NULL),
(26, 1, 47, 7, 1, 'confirmed', 1, NULL, '2025-07-28 21:46:05', 1, 1, NULL, NULL),
(27, 1, 48, 2, 1, 'confirmed', 1, NULL, '2025-07-28 21:58:48', 1, 1, NULL, NULL),
(28, 1, 49, 1, 3, 'confirmed', 1, NULL, '2025-07-28 21:59:26', 1, 1, NULL, NULL),
(29, 1, 50, 5, 1, 'confirmed', 1, NULL, '2025-07-28 22:01:59', 1, 1, NULL, NULL),
(31, 1, 55, 5, 1, 'confirmed', 1, NULL, '2025-07-28 22:59:47', 1, 1, NULL, NULL),
(32, 1, 54, 1, 6, 'confirmed', 54, NULL, '2025-07-28 23:09:04', 1, 1, NULL, NULL),
(33, 54, 1, 2, 1, 'confirmed', 54, NULL, '2025-07-28 23:30:43', 1, 1, NULL, NULL),
(34, 1, 64, 5, 1, 'confirmed', 1, NULL, '2025-07-29 09:27:03', 1, 1, NULL, NULL),
(35, 1, 27, 6, 7, 'confirmed', 27, NULL, '2025-07-29 10:21:37', 1, 1, NULL, NULL),
(36, 1, 76, 4, 1, 'confirmed', 1, NULL, '2025-08-15 02:27:14', 1, 1, NULL, NULL),
(41, 1, 81, 3, 1, 'confirmed', 1, NULL, '2025-08-16 01:47:10', 1, 1, NULL, NULL),
(42, 1, 82, 10, 1, 'confirmed', 1, NULL, '2025-08-16 01:57:00', 1, 1, NULL, NULL),
(43, 1, 83, 1, 4, 'confirmed', 1, NULL, '2025-08-16 02:15:09', 1, 1, NULL, NULL),
(45, 1, 85, 3, 1, 'confirmed', 1, NULL, '2025-08-16 02:22:59', 1, 1, NULL, NULL),
(46, 1, 86, 1, 7, 'confirmed', 1, NULL, '2025-08-16 02:28:50', 1, 1, NULL, NULL),
(47, 1, 87, 1, 2, 'confirmed', 1, NULL, '2025-08-16 02:34:20', 1, 1, NULL, NULL),
(48, 1, 88, 10, 2, 'confirmed', 1, NULL, '2025-08-16 02:40:21', 1, 1, NULL, NULL),
(49, 1, 89, 1, 5, 'confirmed', 1, NULL, '2025-08-16 02:41:34', 1, 1, NULL, NULL),
(50, 1, 90, 2, 1, 'confirmed', 1, NULL, '2025-08-16 02:49:27', 1, 1, NULL, NULL),
(51, 1, 91, 3, 1, 'confirmed', 1, NULL, '2025-08-16 03:04:27', 1, 1, NULL, NULL),
(52, 1, 92, 1, 8, 'confirmed', 1, NULL, '2025-08-16 03:06:48', 1, 1, NULL, NULL),
(53, 1, 93, 1, 9, 'confirmed', 1, NULL, '2025-08-16 03:08:45', 1, 1, NULL, NULL),
(57, 1, 98, 5, 1, 'confirmed', 1, NULL, '2025-08-16 03:45:24', 1, 1, NULL, NULL),
(58, 1, 99, 4, 1, 'confirmed', 1, NULL, '2025-08-16 03:49:14', 1, 1, NULL, NULL),
(59, 1, 100, 3, 1, 'confirmed', 1, NULL, '2025-08-16 03:51:30', 1, 1, NULL, NULL),
(60, 1, 101, 1, 0, 'confirmed', 1, NULL, '2025-08-16 03:54:51', 1, 1, NULL, NULL),
(61, 1, 102, 3, 1, 'confirmed', 1, NULL, '2025-08-16 04:02:55', 1, 1, NULL, NULL),
(62, 1, 103, 3, 1, 'confirmed', 1, NULL, '2025-08-16 04:04:33', 1, 1, NULL, NULL),
(63, 1, 104, 3, 1, 'confirmed', 1, NULL, '2025-08-16 04:09:26', 1, 1, NULL, NULL),
(64, 1, 105, 3, 1, 'confirmed', 1, NULL, '2025-08-16 04:15:16', 1, 1, NULL, NULL),
(66, 1, 107, 3, 1, 'confirmed', 1, NULL, '2025-08-16 04:48:32', 1, 1, NULL, NULL),
(67, 1, 108, 3, 1, 'confirmed', 1, NULL, '2025-08-16 04:50:19', 1, 1, NULL, NULL),
(68, 1, 109, 3, 1, 'confirmed', 1, NULL, '2025-08-16 04:52:41', 1, 1, NULL, NULL),
(69, 1, 110, 3, 1, 'confirmed', 1, NULL, '2025-08-16 13:44:58', 1, 1, NULL, NULL),
(70, 1, 111, 2, 1, 'confirmed', 1, NULL, '2025-08-16 13:49:19', 1, 1, NULL, NULL),
(71, 1, 112, 3, 1, 'confirmed', 1, NULL, '2025-08-16 14:18:10', 1, 1, NULL, NULL),
(72, 1, 113, 1, 4, 'confirmed', 1, NULL, '2025-08-16 14:58:37', 1, 1, NULL, NULL),
(73, 1, 114, 1, 5, 'confirmed', 1, NULL, '2025-08-16 15:07:28', 1, 1, NULL, NULL),
(74, 1, 115, 1, 2, 'confirmed', 1, NULL, '2025-08-16 15:08:57', 1, 1, NULL, NULL),
(75, 1, 116, 1, 2, 'confirmed', 1, NULL, '2025-08-16 15:13:07', 1, 1, NULL, NULL),
(76, 1, 117, 1, 2, 'confirmed', 1, NULL, '2025-08-16 15:17:25', 1, 1, NULL, NULL),
(77, 1, 118, 1, 3, 'confirmed', 1, NULL, '2025-08-16 15:19:34', 1, 1, NULL, NULL),
(78, 1, 119, 1, 5, 'confirmed', 1, NULL, '2025-08-16 15:27:05', 1, 1, NULL, NULL),
(79, 1, 120, 3, 1, 'confirmed', 1, NULL, '2025-08-16 15:30:47', 1, 1, NULL, NULL),
(80, 1, 121, 1, 2, 'confirmed', 1, NULL, '2025-08-16 15:33:04', 1, 1, NULL, NULL),
(81, 1, 122, 5, 0, 'confirmed', 1, NULL, '2025-08-16 15:34:46', 1, 1, NULL, NULL),
(82, 1, 123, 1, 1, 'confirmed', 1, NULL, '2025-08-16 21:44:35', 1, 1, 1, 3),
(83, 1, 124, 2, 2, 'confirmed', 1, NULL, '2025-08-16 22:12:55', 1, 1, 1, 4),
(84, 1, 125, 3, 3, 'confirmed', 1, NULL, '2025-08-16 22:20:11', 1, 1, 4, 5),
(85, 1, 126, 3, 3, 'confirmed', 1, NULL, '2025-08-16 22:27:47', 1, 1, 2, 5),
(86, 1, 127, 2, 2, 'confirmed', 1, NULL, '2025-08-16 22:31:44', 1, 1, 1, 3),
(87, 1, 128, 1, 1, 'confirmed', 1, NULL, '2025-08-16 22:33:26', 1, 1, 4, 3),
(88, 1, 129, 3, 1, 'confirmed', 1, NULL, '2025-08-16 22:37:43', 1, 1, NULL, NULL),
(89, 1, 130, 1, 1, 'confirmed', 1, NULL, '2025-08-16 22:40:07', 1, 1, 3, 5),
(90, 1, 131, 3, 3, 'confirmed', 1, NULL, '2025-08-16 22:51:17', 1, 1, 1, 4),
(91, 1, 54, 1, 20, 'confirmed', 54, NULL, '2025-08-16 22:58:45', 1, 1, 0, 0),
(92, 54, 1, 2, 1, 'confirmed', 54, NULL, '2025-08-16 23:03:46', 1, 1, 0, 0),
(93, 1, 132, 1, 1, 'confirmed', 54, NULL, '2025-08-16 23:06:16', 1, 1, 4, 1),
(94, 1, 133, 2, 1, 'confirmed', 1, NULL, '2025-08-16 23:15:39', 1, 1, NULL, NULL),
(95, 1, 54, 2, 1, 'confirmed', 1, NULL, '2025-08-16 23:31:36', 1, 1, NULL, NULL),
(97, 1, 54, 1, 2, 'confirmed', 54, NULL, '2025-08-16 23:52:07', 1, 1, NULL, NULL),
(98, 1, 54, 2, 1, 'confirmed', 54, NULL, '2025-08-16 23:53:23', 1, 1, NULL, NULL),
(99, 54, 1, 2, 1, 'confirmed', 54, NULL, '2025-08-16 23:54:02', 1, 1, NULL, NULL),
(100, 1, 54, 1, 2, 'confirmed', 54, NULL, '2025-08-16 23:55:27', 1, 1, 0, 0),
(101, 1, 54, 0, 0, 'confirmed', 54, NULL, '2025-08-16 23:56:17', 1, 1, 1, 2),
(102, 54, 1, 2, 1, 'confirmed', 54, NULL, '2025-08-16 23:57:02', 1, 1, 0, 0),
(104, 54, 1, 2, 1, 'confirmed', 54, NULL, '2025-08-17 00:05:48', 1, 1, 0, 0),
(105, 54, 1, 2, 1, 'confirmed', 54, NULL, '2025-08-17 00:11:27', 1, 1, 0, 0),
(106, 1, 135, 2, 1, 'confirmed', 1, NULL, '2025-08-18 02:04:36', 1, 1, NULL, NULL),
(107, 1, 136, 2, 1, 'confirmed', 1, NULL, '2025-08-18 02:14:05', 1, 1, NULL, NULL),
(108, 1, 137, 0, 0, 'confirmed', NULL, NULL, '2025-08-18 02:15:43', 1, 1, 1, 3),
(109, 1, 138, 2, 1, 'confirmed', 1, NULL, '2025-08-18 02:19:05', 1, 1, NULL, NULL),
(110, 1, 139, 2, 3, 'confirmed', 1, NULL, '2025-08-18 02:21:43', 1, 1, NULL, NULL),
(111, 1, 140, 2, 3, 'confirmed', 1, NULL, '2025-08-18 02:25:00', 1, 1, NULL, NULL),
(112, 1, 141, 1, 0, 'confirmed', 1, NULL, '2025-08-18 02:30:26', 1, 1, NULL, NULL),
(113, 1, 142, 1, 0, 'confirmed', 1, NULL, '2025-08-18 02:32:18', 1, 1, NULL, NULL),
(114, 1, 143, 2, 1, 'confirmed', 1, NULL, '2025-08-18 02:50:47', 1, 1, NULL, NULL),
(115, 1, 144, 1, 3, 'confirmed', 1, NULL, '2025-08-18 02:56:59', 1, 1, NULL, NULL),
(116, 1, 145, 3, 1, 'confirmed', 1, NULL, '2025-08-18 03:02:49', 1, 1, NULL, NULL),
(117, 1, 146, 0, 5, 'confirmed', 1, NULL, '2025-08-18 03:04:51', 1, 1, NULL, NULL),
(118, 1, 147, 2, 1, 'confirmed', 1, NULL, '2025-08-18 03:06:43', 1, 1, NULL, NULL),
(119, 1, 148, 2, 1, 'confirmed', 1, NULL, '2025-08-18 03:12:44', 1, 1, NULL, NULL),
(120, 1, 149, 2, 1, 'confirmed', 1, NULL, '2025-08-18 03:16:23', 1, 1, NULL, NULL),
(121, 1, 150, 2, 1, 'confirmed', 1, NULL, '2025-08-18 03:20:54', 1, 1, NULL, NULL),
(122, 1, 151, 3, 5, 'confirmed', 1, NULL, '2025-08-18 03:24:36', 1, 1, NULL, NULL),
(123, 1, 152, 2, 0, 'confirmed', 1, NULL, '2025-08-18 03:25:42', 1, 1, NULL, NULL),
(124, 1, 153, 2, 1, 'confirmed', 1, NULL, '2025-08-18 03:31:16', 1, 1, NULL, NULL),
(125, 1, 154, 3, 1, 'confirmed', 1, NULL, '2025-08-18 03:34:37', 1, 1, NULL, NULL),
(126, 1, 155, 3, 1, 'confirmed', 1, NULL, '2025-08-18 03:39:04', 1, 1, NULL, NULL),
(127, 1, 156, 2, 1, 'confirmed', 1, NULL, '2025-08-18 03:40:14', 1, 1, NULL, NULL),
(128, 1, 157, 1, 10, 'confirmed', 1, NULL, '2025-08-19 23:17:13', 1, 1, NULL, NULL),
(129, 1, 158, 1, 4, 'confirmed', 1, NULL, '2025-08-19 23:46:38', 1, 1, NULL, NULL),
(130, 1, 159, 2, 2, 'confirmed', 1, NULL, '2025-08-20 01:17:35', 1, 1, 1, 4),
(131, 1, 160, 1, 2, 'confirmed', 1, NULL, '2025-08-21 11:46:24', 1, 1, NULL, NULL),
(132, 1, 161, 1, 1, 'confirmed', 1, NULL, '2025-08-21 13:52:44', 1, 1, 0, 1),
(133, 1, 162, 2, 1, 'confirmed', 1, NULL, '2025-08-21 14:44:14', 1, 1, NULL, NULL),
(134, 1, 163, 4, 1, 'confirmed', 1, NULL, '2025-08-21 15:26:01', 1, 1, NULL, NULL),
(135, 1, 164, 2, 2, 'confirmed', 1, NULL, '2025-08-21 21:19:06', 1, 1, 1, 3),
(136, 1, 165, 4, 1, 'confirmed', 1, 'https://cdn.discordapp.com/ephemeral-attachments/1407880479113347206/1408226983132921896/97294304-66f5-46c7-9efc-116415a7c615.jpg?ex=68a8f914&is=68a7a794&hm=a797a42e897515ba72d621d1bf8a66a7fc61297bcfa2672094edc97707623897&', '2025-08-21 23:07:46', 1, 1, NULL, NULL),
(137, 1, 166, 2, 0, 'confirmed', 1, NULL, '2025-08-22 00:29:14', 1, 1, NULL, NULL),
(138, 1, 167, 3, 0, 'confirmed', 1, NULL, '2025-08-22 00:33:49', 1, 1, NULL, NULL),
(139, 1, 168, 2, 1, 'confirmed', 1, NULL, '2025-08-22 09:47:03', 1, 1, NULL, NULL),
(140, 1, 169, 3, 1, 'confirmed', 1, NULL, '2025-08-22 11:34:42', 1, 1, NULL, NULL),
(143, 1, 172, 3, 0, 'confirmed', 1, NULL, '2025-08-22 12:03:11', 1, 1, NULL, NULL),
(144, 1, 173, 1, 2, 'confirmed', 1, NULL, '2025-08-22 13:28:27', 1, 1, NULL, NULL),
(145, 1, 174, 2, 1, 'confirmed', 1, NULL, '2025-08-23 01:03:41', 1, 1, NULL, NULL),
(146, 1, 175, 3, 1, 'confirmed', 1, NULL, '2025-08-23 01:25:41', 1, 1, NULL, NULL),
(147, 1, 176, 3, 1, 'confirmed', 1, NULL, '2025-08-23 15:45:24', 1, 1, NULL, NULL),
(148, 179, 177, 0, 2, 'confirmed', 177, NULL, '2025-08-25 21:28:35', 1, 1, NULL, NULL),
(149, 177, 180, 5, 0, 'confirmed', 177, NULL, '2025-08-25 21:34:50', 1, 1, NULL, NULL),
(150, 178, 180, 0, 1, 'confirmed', 180, NULL, '2025-08-25 21:34:50', 1, 1, NULL, NULL),
(151, 178, 179, 9, 10, 'confirmed', 179, NULL, '2025-08-25 21:37:02', 1, 1, NULL, NULL),
(152, 177, 180, 5, 0, 'confirmed', 177, NULL, '2025-08-25 21:37:02', 1, 1, NULL, NULL),
(154, 1, 182, 2, 1, 'confirmed', 1, NULL, '2025-08-27 11:19:57', 1, 1, NULL, NULL),
(155, 1, 183, 2, 1, 'confirmed', 1, NULL, '2025-08-27 14:20:24', 1, 1, NULL, NULL),
(156, 1, 184, 2, 1, 'confirmed', 1, NULL, '2025-08-27 23:38:24', 1, 1, NULL, NULL),
(157, 1, 185, 2, 2, 'confirmed', 1, NULL, '2025-08-27 23:54:54', 1, 1, 1, 3),
(158, 1, 186, 2, 1, 'confirmed', 1, NULL, '2025-08-28 15:47:10', 1, 1, NULL, NULL),
(159, 1, 187, 3, 5, 'confirmed', 1, NULL, '2025-08-28 20:50:55', 1, 1, NULL, NULL),
(160, 1, 188, 3, 1, 'confirmed', 1, NULL, '2025-08-30 23:59:08', 1, 1, NULL, NULL),
(161, 1, 239, 3, 1, 'cancelled', 1, NULL, '2025-09-04 21:32:18', 1, 2, NULL, NULL),
(162, 1, 5, 20, 0, 'cancelled', 1, NULL, '2025-09-04 22:28:47', 1, 2, NULL, NULL),
(163, 233, 199, 1, 4, 'confirmed', 233, NULL, '2025-09-04 22:33:20', 1, 2, NULL, NULL),
(164, 197, 213, 3, 1, 'confirmed', 213, NULL, '2025-09-04 22:45:27', 1, 2, NULL, NULL),
(165, 199, 233, 1, 4, 'confirmed', 233, NULL, '2025-09-04 23:23:38', 1, 2, NULL, NULL),
(166, 199, 197, 1, 7, 'confirmed', 197, NULL, '2025-09-04 23:46:23', 1, 2, NULL, NULL),
(168, 1, 255, 2, 1, 'cancelled', 1, NULL, '2025-09-05 01:12:28', 1, 2, NULL, NULL),
(169, 177, 1, 0, 15, 'cancelled', 1, NULL, '2025-09-05 08:43:40', 1, 2, NULL, NULL),
(170, 214, 177, 7, 4, 'confirmed', 177, NULL, '2025-09-05 09:18:34', 1, 2, NULL, NULL),
(171, 177, 214, 2, 7, 'confirmed', 214, NULL, '2025-09-05 10:07:26', 1, 2, NULL, NULL),
(172, 177, 213, 2, 8, 'confirmed', 177, NULL, '2025-09-05 11:50:56', 1, 2, NULL, NULL),
(173, 5, 177, 10, 3, 'confirmed', 177, NULL, '2025-09-05 12:28:12', 1, 2, NULL, NULL),
(174, 214, 179, 5, 9, 'confirmed', 179, NULL, '2025-09-05 16:41:05', 1, 2, NULL, NULL),
(175, 179, 213, 3, 4, 'confirmed', 213, NULL, '2025-09-05 17:19:18', 1, 2, NULL, NULL),
(176, 5, 199, 5, 1, 'confirmed', 5, NULL, '2025-09-05 20:18:43', 1, 2, NULL, NULL),
(179, 5, 199, 7, 1, 'confirmed', 5, NULL, '2025-09-05 21:45:21', 1, 2, NULL, NULL),
(180, 197, 213, 5, 4, 'confirmed', 213, NULL, '2025-09-05 21:48:36', 1, 2, NULL, NULL),
(181, 199, 5, 0, 5, 'confirmed', 5, NULL, '2025-09-05 22:07:52', 1, 2, NULL, NULL),
(182, 213, 209, 5, 4, 'confirmed', 213, NULL, '2025-09-05 22:20:35', 1, 2, NULL, NULL),
(183, 268, 197, 5, 4, 'confirmed', 197, NULL, '2025-09-05 22:23:22', 1, 2, NULL, NULL),
(184, 199, 5, 0, 8, 'confirmed', 5, NULL, '2025-09-05 22:29:22', 1, 2, NULL, NULL),
(185, 199, 202, 3, 1, 'confirmed', 199, NULL, '2025-09-05 22:50:49', 1, 2, NULL, NULL),
(186, 197, 5, 3, 2, 'confirmed', 197, NULL, '2025-09-05 22:50:58', 1, 2, NULL, NULL),
(187, 209, 268, 1, 7, 'confirmed', 268, NULL, '2025-09-05 22:59:13', 1, 2, NULL, NULL),
(188, 197, 213, 5, 2, 'confirmed', 213, NULL, '2025-09-05 23:13:09', 1, 2, NULL, NULL),
(189, 5, 199, 1, 0, 'cancelled', 1, NULL, '2025-09-05 23:20:11', 1, 2, NULL, NULL),
(190, 268, 5, 2, 5, 'confirmed', 268, NULL, '2025-09-05 23:24:09', 1, 2, NULL, NULL),
(191, 209, 199, 4, 1, 'confirmed', 199, NULL, '2025-09-05 23:25:39', 1, 2, NULL, NULL),
(192, 268, 202, 7, 0, 'confirmed', 268, NULL, '2025-09-05 23:42:38', 1, 2, NULL, NULL),
(193, 213, 197, 0, 1, 'cancelled', 1, NULL, '2025-09-05 23:46:11', 1, 2, NULL, NULL),
(194, 197, 5, 6, 4, 'confirmed', 197, NULL, '2025-09-05 23:50:10', 1, 2, NULL, NULL),
(195, 213, 268, 9, 6, 'confirmed', 213, NULL, '2025-09-06 00:06:03', 1, 2, NULL, NULL),
(196, 202, 197, 1, 7, 'confirmed', 197, NULL, '2025-09-06 00:24:11', 1, 2, NULL, NULL),
(197, 268, 197, 2, 6, 'confirmed', 268, NULL, '2025-09-06 00:47:42', 1, 2, NULL, NULL),
(198, 231, 230, 1, 3, 'confirmed', 231, NULL, '2025-09-06 04:45:59', 1, 2, NULL, NULL),
(199, 231, 230, 3, 4, 'confirmed', 231, NULL, '2025-09-06 05:04:33', 1, 2, NULL, NULL),
(200, 231, 200, 7, 6, 'confirmed', 231, NULL, '2025-09-06 07:06:13', 1, 2, NULL, NULL),
(201, 200, 231, 5, 3, 'confirmed', 231, NULL, '2025-09-06 07:49:23', 1, 2, NULL, NULL),
(202, 231, 200, 1, 0, 'confirmed', 231, NULL, '2025-09-06 08:19:22', 1, 2, NULL, NULL),
(203, 177, 213, 0, 3, 'confirmed', 1, NULL, '2025-09-06 10:55:01', 1, 2, NULL, NULL),
(204, 200, 180, 2, 5, 'confirmed', 180, NULL, '2025-09-06 12:57:31', 1, 2, NULL, NULL),
(205, 213, 177, 7, 3, 'confirmed', 177, NULL, '2025-09-06 13:02:34', 1, 2, NULL, NULL),
(206, 177, 233, 2, 5, 'confirmed', 177, NULL, '2025-09-06 13:25:35', 1, 2, NULL, NULL),
(207, 200, 180, 0, 13, 'confirmed', 180, NULL, '2025-09-06 13:35:40', 1, 2, NULL, NULL),
(208, 197, 177, 7, 2, 'confirmed', 177, NULL, '2025-09-06 13:47:05', 1, 2, NULL, NULL),
(209, 200, 180, 0, 1, 'cancelled', 1, NULL, '2025-09-06 13:58:06', 1, 2, NULL, NULL),
(210, 233, 212, 6, 5, 'confirmed', 212, NULL, '2025-09-06 14:12:31', 1, 2, NULL, NULL),
(211, 177, 197, 1, 9, 'confirmed', 177, NULL, '2025-09-06 14:23:36', 1, 2, NULL, NULL),
(212, 230, 200, 2, 1, 'confirmed', 230, NULL, '2025-09-06 14:29:06', 1, 2, NULL, NULL),
(213, 202, 212, 0, 2, 'confirmed', 202, NULL, '2025-09-06 15:24:11', 1, 2, NULL, NULL),
(214, 202, 212, 0, 1, 'confirmed', 212, NULL, '2025-09-06 15:46:08', 1, 2, NULL, NULL),
(215, 212, 202, 6, 2, 'confirmed', 212, NULL, '2025-09-06 16:08:09', 1, 2, NULL, NULL),
(216, 212, 180, 0, 5, 'confirmed', 180, NULL, '2025-09-06 17:03:50', 1, 2, NULL, NULL),
(217, 199, 180, 0, 7, 'confirmed', 180, NULL, '2025-09-06 17:24:41', 1, 2, NULL, NULL),
(218, 202, 199, 1, 0, 'confirmed', 199, NULL, '2025-09-06 17:44:23', 1, 2, NULL, NULL),
(219, 180, 200, 6, 0, 'confirmed', 180, NULL, '2025-09-06 17:59:12', 1, 2, NULL, NULL),
(220, 180, 202, 7, 0, 'confirmed', 180, NULL, '2025-09-06 18:24:13', 1, 2, NULL, NULL),
(221, 200, 202, 2, 1, 'confirmed', 202, NULL, '2025-09-06 18:43:02', 1, 2, NULL, NULL),
(222, 202, 230, 4, 6, 'confirmed', 202, NULL, '2025-09-06 19:13:44', 1, 2, NULL, NULL),
(223, 180, 197, 1, 5, 'confirmed', 197, NULL, '2025-09-06 20:27:27', 1, 2, NULL, NULL),
(224, 197, 180, 4, 0, 'confirmed', 197, NULL, '2025-09-06 20:48:47', 1, 2, NULL, NULL),
(225, 197, 268, 2, 1, 'confirmed', 197, NULL, '2025-09-06 23:14:21', 1, 2, NULL, NULL),
(226, 177, 180, 2, 3, 'confirmed', 177, NULL, '2025-09-07 11:11:14', 1, 2, NULL, NULL),
(227, 177, 178, 4, 7, 'confirmed', 177, NULL, '2025-09-07 11:49:45', 1, 2, NULL, NULL),
(228, 208, 177, 6, 4, 'confirmed', 177, NULL, '2025-09-07 12:11:16', 1, 2, NULL, NULL),
(229, 178, 208, 5, 1, 'confirmed', 178, NULL, '2025-09-07 12:45:35', 1, 2, NULL, NULL),
(230, 180, 197, 0, 4, 'confirmed', 180, NULL, '2025-09-07 13:25:47', 1, 2, NULL, NULL),
(231, 197, 178, 3, 4, 'confirmed', 178, NULL, '2025-09-07 14:40:19', 1, 2, NULL, NULL),
(232, 197, 177, 10, 1, 'confirmed', 197, NULL, '2025-09-07 15:09:20', 1, 2, NULL, NULL),
(233, 178, 180, 5, 8, 'confirmed', 180, NULL, '2025-09-07 16:29:35', 1, 2, NULL, NULL),
(234, 213, 178, 4, 6, 'confirmed', 213, NULL, '2025-09-07 16:46:59', 1, 2, NULL, NULL),
(235, 213, 180, 2, 0, 'confirmed', 213, NULL, '2025-09-07 17:06:20', 1, 2, NULL, NULL),
(236, 230, 178, 0, 5, 'confirmed', 230, NULL, '2025-09-07 17:09:52', 1, 2, NULL, NULL),
(237, 213, 180, 1, 3, 'confirmed', 180, NULL, '2025-09-07 17:27:26', 1, 2, NULL, NULL),
(238, 206, 178, 3, 4, 'confirmed', 178, NULL, '2025-09-07 17:38:54', 1, 2, NULL, NULL),
(239, 230, 180, 0, 5, 'confirmed', 230, NULL, '2025-09-07 17:45:45', 1, 2, NULL, NULL),
(240, 213, 200, 3, 1, 'confirmed', 213, NULL, '2025-09-07 17:49:24', 1, 2, NULL, NULL),
(241, 180, 206, 1, 0, 'confirmed', 180, NULL, '2025-09-07 18:07:54', 1, 2, NULL, NULL),
(242, 230, 213, 1, 5, 'confirmed', 230, NULL, '2025-09-07 18:18:03', 1, 2, NULL, NULL),
(243, 197, 213, 5, 3, 'confirmed', 213, NULL, '2025-09-07 19:15:26', 1, 2, NULL, NULL),
(244, 233, 214, 8, 6, 'confirmed', 214, NULL, '2025-09-07 20:11:13', 1, 2, NULL, NULL),
(245, 214, 197, 2, 7, 'confirmed', 197, NULL, '2025-09-07 20:40:28', 1, 2, NULL, NULL),
(246, 199, 213, 1, 4, 'confirmed', 213, NULL, '2025-09-07 20:50:59', 1, 2, NULL, NULL),
(247, 5, 214, 3, 5, 'confirmed', 214, NULL, '2025-09-07 21:18:59', 1, 2, NULL, NULL),
(248, 213, 178, 4, 5, 'confirmed', 213, NULL, '2025-09-07 21:25:30', 1, 2, NULL, NULL),
(249, 197, 213, 5, 0, 'confirmed', 197, NULL, '2025-09-07 21:55:30', 1, 2, NULL, NULL),
(250, 230, 214, 3, 6, 'confirmed', 214, NULL, '2025-09-07 22:12:38', 1, 2, NULL, NULL),
(251, 230, 1, 0, 1, 'cancelled', 1, NULL, '2025-09-08 12:55:23', 1, 2, NULL, NULL),
(252, 214, 195, 11, 6, 'confirmed', 214, NULL, '2025-09-08 17:17:31', 1, 2, NULL, NULL),
(253, 179, 180, 4, 3, 'confirmed', 179, NULL, '2025-09-08 18:06:38', 1, 2, NULL, NULL),
(254, 179, 180, 5, 4, 'confirmed', 179, NULL, '2025-09-08 18:29:08', 1, 2, NULL, NULL),
(255, 213, 214, 8, 7, 'confirmed', 214, NULL, '2025-09-08 21:42:40', 1, 2, NULL, NULL),
(256, 203, 202, 7, 1, 'confirmed', 202, NULL, '2025-09-08 21:43:44', 1, 2, NULL, NULL),
(257, 197, 178, 5, 1, 'confirmed', 178, NULL, '2025-09-08 21:52:44', 1, 2, NULL, NULL),
(258, 203, 208, 6, 2, 'confirmed', 203, NULL, '2025-09-08 22:02:20', 1, 2, NULL, NULL),
(259, 202, 214, 2, 3, 'confirmed', 202, NULL, '2025-09-08 22:06:14', 1, 2, NULL, NULL),
(260, 209, 178, 7, 1, 'confirmed', 178, NULL, '2025-09-08 22:16:44', 1, 2, NULL, NULL),
(261, 178, 203, 4, 6, 'confirmed', 203, NULL, '2025-09-08 23:01:21', 1, 2, NULL, NULL),
(262, 197, 214, 4, 9, 'confirmed', 197, NULL, '2025-09-08 23:16:16', 1, 2, NULL, NULL),
(263, 202, 203, 1, 6, 'confirmed', 203, NULL, '2025-09-08 23:33:46', 1, 2, NULL, NULL),
(264, 195, 214, 3, 6, 'confirmed', 214, NULL, '2025-09-08 23:37:46', 1, 2, NULL, NULL),
(265, 213, 203, 3, 1, 'confirmed', 213, NULL, '2025-09-09 14:35:38', 1, 2, NULL, NULL),
(266, 206, 203, 3, 0, 'confirmed', 203, NULL, '2025-09-09 16:17:07', 1, 2, NULL, NULL),
(267, 214, 203, 4, 7, 'confirmed', 214, NULL, '2025-09-09 16:35:08', 1, 2, NULL, NULL),
(268, 195, 206, 1, 5, 'confirmed', 206, NULL, '2025-09-09 16:43:52', 1, 2, NULL, NULL),
(269, 203, 214, 2, 1, 'confirmed', 214, NULL, '2025-09-09 16:55:57', 1, 2, NULL, NULL),
(270, 203, 214, 3, 5, 'confirmed', 214, NULL, '2025-09-09 17:18:09', 1, 2, NULL, NULL),
(271, 206, 195, 6, 1, 'confirmed', 206, NULL, '2025-09-09 17:27:09', 1, 2, NULL, NULL),
(272, 213, 214, 3, 2, 'confirmed', 214, NULL, '2025-09-09 17:39:05', 1, 2, NULL, NULL),
(273, 206, 203, 2, 3, 'confirmed', 203, NULL, '2025-09-09 17:47:23', 1, 2, NULL, NULL),
(274, 179, 180, 4, 4, 'confirmed', 179, NULL, '2025-09-09 17:54:38', 1, 2, 2, 4),
(275, 203, 206, 5, 1, 'confirmed', 203, NULL, '2025-09-09 18:09:09', 1, 2, NULL, NULL),
(276, 180, 179, 2, 1, 'confirmed', 180, NULL, '2025-09-09 18:22:10', 1, 2, NULL, NULL),
(277, 197, 203, 7, 3, 'confirmed', 203, NULL, '2025-09-09 20:14:43', 1, 2, NULL, NULL),
(278, 178, 179, 7, 0, 'confirmed', 179, NULL, '2025-09-09 20:30:41', 1, 2, NULL, NULL),
(279, 203, 199, 5, 1, 'confirmed', 203, NULL, '2025-09-09 20:41:14', 1, 2, NULL, NULL),
(280, 214, 179, 4, 5, 'confirmed', 179, NULL, '2025-09-09 20:52:14', 1, 2, NULL, NULL),
(281, 199, 178, 2, 6, 'confirmed', 199, NULL, '2025-09-09 21:06:44', 1, 2, NULL, NULL),
(282, 179, 214, 5, 2, 'confirmed', 179, NULL, '2025-09-09 21:12:25', 1, 2, NULL, NULL),
(283, 214, 206, 2, 4, 'confirmed', 214, NULL, '2025-09-09 21:28:46', 1, 2, NULL, NULL),
(284, 199, 178, 5, 6, 'confirmed', 178, NULL, '2025-09-09 21:43:15', 1, 2, NULL, NULL),
(285, 233, 206, 0, 5, 'confirmed', 233, NULL, '2025-09-09 21:48:02', 1, 2, NULL, NULL),
(286, 206, 214, 4, 2, 'confirmed', 214, NULL, '2025-09-09 22:08:02', 1, 2, NULL, NULL),
(287, 199, 206, 0, 2, 'confirmed', 206, NULL, '2025-09-09 22:26:16', 1, 2, NULL, NULL),
(288, 208, 214, 4, 10, 'confirmed', 214, NULL, '2025-09-09 22:40:57', 1, 2, NULL, NULL),
(289, 203, 206, 1, 2, 'confirmed', 203, NULL, '2025-09-09 23:00:16', 1, 2, NULL, NULL),
(290, 54, 214, 3, 9, 'confirmed', 54, NULL, '2025-09-09 23:12:10', 1, 2, NULL, NULL),
(291, 5, 203, 5, 4, 'confirmed', 203, NULL, '2025-09-09 23:18:49', 1, 2, NULL, NULL),
(292, 203, 5, 3, 6, 'confirmed', 203, NULL, '2025-09-09 23:44:14', 1, 2, NULL, NULL),
(293, 5, 203, 3, 4, 'confirmed', 203, NULL, '2025-09-10 00:04:12', 1, 2, NULL, NULL),
(294, 203, 202, 0, 0, 'cancelled', NULL, NULL, '2025-09-10 09:51:06', 1, 2, NULL, NULL),
(295, 214, 213, 4, 3, 'confirmed', 214, NULL, '2025-09-10 16:09:17', 1, 2, NULL, NULL),
(296, 214, 213, 2, 2, 'confirmed', 214, NULL, '2025-09-10 16:31:52', 1, 2, 4, 2),
(297, 206, 213, 5, 3, 'confirmed', 206, NULL, '2025-09-10 16:59:02', 1, 2, NULL, NULL),
(298, 203, 179, 2, 5, 'confirmed', 179, NULL, '2025-09-10 17:17:27', 1, 2, NULL, NULL),
(299, 213, 203, 4, 3, 'confirmed', 213, NULL, '2025-09-10 18:48:24', 1, 2, NULL, NULL),
(300, 203, 180, 2, 4, 'confirmed', 180, NULL, '2025-09-10 20:15:23', 1, 2, NULL, NULL),
(301, 203, 180, 1, 7, 'confirmed', 180, NULL, '2025-09-10 20:36:23', 1, 2, NULL, NULL),
(302, 203, 180, 2, 3, 'confirmed', 180, NULL, '2025-09-10 20:54:54', 1, 2, NULL, NULL),
(303, 195, 203, 2, 5, 'confirmed', 203, NULL, '2025-09-10 21:14:54', 1, 2, NULL, NULL),
(304, 180, 197, 1, 6, 'confirmed', 197, NULL, '2025-09-10 21:34:24', 1, 2, NULL, NULL),
(305, 195, 213, 7, 8, 'confirmed', 213, NULL, '2025-09-10 21:36:54', 1, 2, NULL, NULL),
(306, 214, 199, 3, 0, 'confirmed', 214, NULL, '2025-09-10 21:46:55', 1, 2, NULL, NULL),
(307, 213, 214, 6, 3, 'confirmed', 214, NULL, '2025-09-10 22:05:55', 1, 2, NULL, NULL),
(308, 206, 203, 4, 2, 'confirmed', 206, NULL, '2025-09-11 16:16:30', 1, 2, NULL, NULL),
(309, 214, 206, 1, 4, 'confirmed', 206, NULL, '2025-09-11 17:25:51', 1, 2, NULL, NULL),
(310, 214, 206, 5, 1, 'confirmed', 214, NULL, '2025-09-11 17:46:32', 1, 2, NULL, NULL),
(311, 214, 206, 3, 5, 'confirmed', 214, NULL, '2025-09-11 18:21:42', 1, 2, NULL, NULL),
(312, 203, 206, 7, 4, 'confirmed', 203, NULL, '2025-09-11 18:40:03', 1, 2, NULL, NULL),
(313, 195, 178, 5, 4, 'confirmed', 178, NULL, '2025-09-11 18:56:04', 1, 2, NULL, NULL),
(314, 203, 206, 1, 4, 'confirmed', 203, NULL, '2025-09-11 19:01:34', 1, 2, NULL, NULL),
(315, 195, 203, 3, 4, 'confirmed', 203, NULL, '2025-09-11 19:19:04', 1, 2, NULL, NULL),
(316, 206, 195, 5, 1, 'confirmed', 206, NULL, '2025-09-11 19:43:34', 1, 2, NULL, NULL),
(317, 212, 203, 2, 6, 'confirmed', 203, NULL, '2025-09-11 20:23:47', 1, 2, NULL, NULL),
(318, 5, 178, 7, 2, 'confirmed', 178, NULL, '2025-09-11 20:23:48', 1, 2, NULL, NULL),
(319, 195, 202, 3, 2, 'confirmed', 202, NULL, '2025-09-11 20:23:48', 1, 2, NULL, NULL),
(320, 209, 233, 1, 6, 'confirmed', 233, NULL, '2025-09-11 20:24:40', 1, 2, NULL, NULL),
(321, 199, 177, 1, 6, 'confirmed', 177, NULL, '2025-09-11 20:27:29', 1, 2, NULL, NULL),
(322, 213, 54, 3, 1, 'confirmed', 54, NULL, '2025-09-11 20:27:36', 1, 2, NULL, NULL),
(323, 197, 180, 3, 2, 'confirmed', 180, NULL, '2025-09-11 20:39:36', 1, 2, NULL, NULL),
(324, 203, 5, 1, 1, 'confirmed', 203, NULL, '2025-09-11 20:47:29', 1, 2, 2, 4),
(325, 212, 54, 5, 4, 'confirmed', 54, NULL, '2025-09-11 20:50:33', 1, 2, NULL, NULL),
(326, 177, 199, 0, 4, 'confirmed', 199, NULL, '2025-09-11 20:50:39', 1, 2, NULL, NULL),
(327, 233, 178, 4, 3, 'confirmed', 233, NULL, '2025-09-11 20:51:17', 1, 2, NULL, NULL),
(328, 213, 209, 3, 2, 'confirmed', 213, NULL, '2025-09-11 20:52:36', 1, 2, NULL, NULL),
(329, 202, 195, 1, 7, 'confirmed', 202, NULL, '2025-09-11 20:54:06', 1, 2, NULL, NULL),
(330, 180, 197, 0, 0, 'cancelled', NULL, NULL, '2025-09-11 21:09:06', 1, 2, NULL, NULL),
(331, 199, 178, 4, 6, 'confirmed', 178, NULL, '2025-09-11 21:28:07', 1, 2, NULL, NULL),
(332, 5, 213, 5, 2, 'confirmed', 213, NULL, '2025-09-11 21:29:55', 1, 2, NULL, NULL),
(333, 195, 206, 1, 5, 'confirmed', 206, NULL, '2025-09-11 21:40:07', 1, 2, NULL, NULL),
(334, 206, 213, 2, 1, 'confirmed', 206, NULL, '2025-09-12 13:59:14', 1, 2, NULL, NULL),
(335, 178, 213, 4, 5, 'confirmed', 213, NULL, '2025-09-12 14:31:22', 1, 2, NULL, NULL),
(336, 213, 178, 4, 3, 'confirmed', 213, NULL, '2025-09-12 14:51:39', 1, 2, NULL, NULL),
(337, 178, 179, 5, 2, 'confirmed', 178, NULL, '2025-09-12 15:12:01', 1, 2, NULL, NULL),
(338, 179, 178, 2, 5, 'confirmed', 178, NULL, '2025-09-12 15:36:16', 1, 2, NULL, NULL),
(339, 213, 208, 7, 2, 'confirmed', 213, NULL, '2025-09-12 15:58:40', 1, 2, NULL, NULL),
(340, 178, 179, 4, 3, 'confirmed', 179, NULL, '2025-09-12 15:59:29', 1, 2, NULL, NULL),
(341, 213, 208, 9, 4, 'confirmed', 213, NULL, '2025-09-12 16:21:41', 1, 2, NULL, NULL),
(342, 213, 178, 4, 5, 'confirmed', 178, NULL, '2025-09-12 16:42:41', 1, 2, NULL, NULL),
(343, 206, 208, 6, 3, 'confirmed', 206, NULL, '2025-09-12 16:55:11', 1, 2, NULL, NULL),
(344, 206, 214, 7, 1, 'confirmed', 214, NULL, '2025-09-12 17:19:12', 1, 2, NULL, NULL),
(345, 178, 208, 5, 4, 'confirmed', 178, NULL, '2025-09-12 17:34:12', 1, 2, NULL, NULL),
(346, 206, 236, 2, 1, 'confirmed', 206, NULL, '2025-09-12 17:46:12', 1, 2, NULL, NULL),
(347, 214, 178, 6, 6, 'confirmed', 214, NULL, '2025-09-12 17:55:42', 1, 2, 4, 2),
(348, 206, 236, 3, 1, 'confirmed', 206, NULL, '2025-09-12 18:13:13', 1, 2, NULL, NULL),
(349, 178, 202, 5, 2, 'confirmed', 178, NULL, '2025-09-12 18:35:13', 1, 2, NULL, NULL),
(350, 199, 178, 0, 7, 'confirmed', 199, NULL, '2025-09-13 19:45:30', 1, 2, NULL, NULL),
(351, 199, 178, 3, 9, 'confirmed', 178, NULL, '2025-09-13 20:27:31', 1, 2, NULL, NULL),
(352, 199, 178, 3, 6, 'confirmed', 178, NULL, '2025-09-13 20:50:32', 1, 2, NULL, NULL),
(353, 195, 197, 5, 10, 'confirmed', 197, NULL, '2025-09-13 21:05:32', 1, 2, NULL, NULL),
(354, 197, 206, 3, 5, 'confirmed', 206, NULL, '2025-09-14 17:17:28', 1, 2, NULL, NULL),
(355, 206, 233, 4, 1, 'confirmed', 233, NULL, '2025-09-14 17:53:43', 1, 2, NULL, NULL),
(356, 197, 212, 7, 1, 'confirmed', 212, NULL, '2025-09-14 19:07:45', 1, 2, NULL, NULL),
(357, 5, 203, 4, 0, 'confirmed', 203, NULL, '2025-09-14 21:53:20', 1, 2, NULL, NULL),
(358, 268, 5, 1, 5, 'confirmed', 268, NULL, '2025-09-14 22:18:21', 1, 2, NULL, NULL),
(359, 180, 197, 4, 3, 'confirmed', 180, NULL, '2025-09-14 22:25:21', 1, 2, NULL, NULL),
(360, 5, 268, 0, 0, 'cancelled', NULL, NULL, '2025-09-14 22:51:21', 1, 2, NULL, NULL),
(361, 180, 5, 0, 0, 'cancelled', NULL, NULL, '2025-09-14 22:51:21', 1, 2, NULL, NULL),
(362, 5, 180, 3, 4, 'confirmed', 180, NULL, '2025-09-14 22:53:50', 1, 2, NULL, NULL),
(363, 197, 268, 5, 2, 'confirmed', 268, NULL, '2025-09-14 22:57:22', 1, 2, NULL, NULL),
(364, 180, 197, 5, 3, 'confirmed', 180, NULL, '2025-09-14 23:16:52', 1, 2, NULL, NULL),
(365, 213, 178, 8, 2, 'confirmed', 178, NULL, '2025-09-15 13:51:53', 1, 2, NULL, NULL),
(366, 178, 213, 9, 10, 'confirmed', 213, NULL, '2025-09-15 14:20:27', 1, 2, NULL, NULL),
(367, 213, 178, 8, 3, 'confirmed', 178, NULL, '2025-09-15 14:47:44', 1, 2, NULL, NULL),
(368, 214, 206, 3, 5, 'confirmed', 214, NULL, '2025-09-15 15:53:55', 1, 2, NULL, NULL),
(369, 214, 206, 3, 4, 'confirmed', 214, NULL, '2025-09-15 16:21:55', 1, 2, NULL, NULL),
(370, 214, 180, 4, 6, 'confirmed', 214, NULL, '2025-09-15 17:29:28', 1, 2, NULL, NULL),
(371, 180, 214, 5, 2, 'confirmed', 180, NULL, '2025-09-15 17:55:58', 1, 2, NULL, NULL),
(372, 197, 202, 3, 0, 'confirmed', 197, NULL, '2025-09-15 22:48:08', 1, 2, NULL, NULL),
(373, 197, 268, 7, 2, 'confirmed', 268, NULL, '2025-09-15 23:23:08', 1, 2, NULL, NULL),
(374, 197, 268, 5, 3, 'confirmed', 268, NULL, '2025-09-15 23:52:39', 1, 2, NULL, NULL),
(375, 213, 179, 2, 4, 'confirmed', 213, NULL, '2025-09-16 14:32:38', 1, 2, NULL, NULL),
(376, 214, 206, 4, 5, 'confirmed', 214, NULL, '2025-09-16 15:32:10', 1, 2, NULL, NULL),
(377, 214, 206, 2, 3, 'confirmed', 214, NULL, '2025-09-16 15:58:40', 1, 2, NULL, NULL),
(378, 214, 206, 2, 3, 'confirmed', 214, NULL, '2025-09-16 16:31:11', 1, 2, NULL, NULL),
(379, 180, 212, 7, 2, 'confirmed', 180, NULL, '2025-09-16 18:04:14', 1, 2, NULL, NULL),
(380, 180, 213, 2, 3, 'confirmed', 213, NULL, '2025-09-16 19:47:51', 1, 2, NULL, NULL),
(381, 179, 213, 2, 6, 'confirmed', 213, NULL, '2025-09-16 20:09:48', 1, 2, NULL, NULL),
(382, 180, 213, 3, 2, 'confirmed', 180, NULL, '2025-09-16 20:55:15', 1, 2, NULL, NULL),
(383, 214, 180, 5, 0, 'confirmed', 180, NULL, '2025-09-16 22:11:51', 1, 2, NULL, NULL),
(384, 180, 214, 8, 3, 'confirmed', 180, NULL, '2025-09-16 22:44:22', 1, 2, NULL, NULL),
(385, 180, 197, 4, 6, 'confirmed', 180, NULL, '2025-09-16 23:05:52', 1, 2, NULL, NULL),
(386, 180, 212, 3, 0, 'confirmed', 180, NULL, '2025-09-17 17:54:29', 1, 2, NULL, NULL),
(387, 213, 180, 3, 4, 'confirmed', 180, NULL, '2025-09-17 19:03:33', 1, 2, NULL, NULL),
(388, 5, 54, 3, 1, 'confirmed', 54, NULL, '2025-09-17 19:25:32', 1, 2, NULL, NULL),
(389, 5, 180, 1, 2, 'confirmed', 180, NULL, '2025-09-17 19:52:03', 1, 2, NULL, NULL),
(390, 202, 197, 0, 9, 'confirmed', 197, NULL, '2025-09-17 20:28:04', 1, 2, NULL, NULL),
(391, 1, 285, 2, 1, 'confirmed', 1, NULL, '2025-12-03 16:23:57', 1, 1, NULL, NULL),
(392, 1, 286, 2, 1, 'confirmed', 1, NULL, '2025-12-03 16:50:37', 1, 1, NULL, NULL),
(393, 1, 287, 2, 1, 'confirmed', 1, NULL, '2026-01-27 16:50:47', 1, 1, NULL, NULL);

-- --------------------------------------------------------

--
-- Table structure for table `ladder_match_confirmations`
--

CREATE TABLE `ladder_match_confirmations` (
  `match_id` int NOT NULL,
  `player1_confirmed` tinyint(1) DEFAULT '0',
  `player2_confirmed` tinyint(1) DEFAULT '0'
) ENGINE=InnoDB DEFAULT CHARSET=utf8mb4 COLLATE=utf8mb4_0900_ai_ci;

-- --------------------------------------------------------

--
-- Table structure for table `ladder_match_disputes`
--

CREATE TABLE `ladder_match_disputes` (
  `id` int NOT NULL,
  `match_id` int NOT NULL,
  `ladder_id` bigint NOT NULL,
  `raised_by_player_id` int NOT NULL,
  `reason` text NOT NULL,
  `evidence_url` varchar(255) DEFAULT NULL,
  `status` enum('open','resolved','dismissed') NOT NULL DEFAULT 'open',
  `resolved_by_admin_discord_id` bigint DEFAULT NULL,
  `resolution_notes` text,
  `created_at` timestamp NULL DEFAULT CURRENT_TIMESTAMP,
  `resolved_at` timestamp NULL DEFAULT NULL
) ENGINE=InnoDB DEFAULT CHARSET=utf8mb4 COLLATE=utf8mb4_0900_ai_ci;

--
-- Dumping data for table `ladder_match_disputes`
--

INSERT INTO `ladder_match_disputes` (`id`, `match_id`, `ladder_id`, `raised_by_player_id`, `reason`, `evidence_url`, `status`, `resolved_by_admin_discord_id`, `resolution_notes`, `created_at`, `resolved_at`) VALUES
(1, 139, 1, 1, 'kuahsdka bs dahk jhahf gaslkjdf hashgf aksçhf ahsgf ashf ais fas', NULL, 'resolved', 281087422056497163, 'asdas', '2025-08-22 09:47:46', '2025-08-27 13:27:03'),
(2, 140, 1, 1, 'asdjjahs ah dfiahgdhfo adhfh gaf', NULL, 'resolved', 281087422056497163, 'ksadhkash ah dad ad', '2025-08-22 11:38:00', '2025-08-22 11:38:14'),
(3, 143, 1, 1, 'Wrong result', NULL, 'resolved', 281087422056497163, 'Resolvido', '2025-08-22 12:04:59', '2025-08-22 12:05:43'),
(4, 144, 1, 1, 'Teste disputa', NULL, 'resolved', 281087422056497163, 'Resolvido a bem. Todos amigos.', '2025-08-22 13:29:37', '2025-08-22 13:30:09'),
(5, 145, 1, 1, 'asdasd a', NULL, 'resolved', 281087422056497163, 'asd', '2025-08-23 01:04:27', '2025-08-23 01:10:34'),
(6, 145, 1, 1, 'asdada', NULL, 'resolved', 281087422056497163, 'asd', '2025-08-23 01:10:50', '2025-08-23 01:21:12'),
(7, 146, 1, 1, 'iuqhwe adhasi dhas', NULL, 'resolved', 281087422056497163, 'asda', '2025-08-23 01:25:53', '2025-08-23 01:47:26'),
(8, 146, 1, 1, 'asdadas', NULL, 'resolved', 281087422056497163, 'asdasda', '2025-08-23 01:52:36', '2025-08-23 01:52:45'),
(9, 146, 1, 1, 'adsasdask ldan', NULL, 'resolved', 281087422056497163, 'asdasdas', '2025-08-23 01:55:44', '2025-08-23 01:55:51'),
(10, 146, 1, 1, 'asdasda', NULL, 'resolved', 281087422056497163, 'asjdnaisdhai sd', '2025-08-23 02:01:03', '2025-08-23 02:01:11'),
(11, 146, 1, 1, 'askjdha kjhd  a', NULL, 'resolved', 281087422056497163, 'asdad', '2025-08-23 02:01:42', '2025-08-23 02:03:56'),
(12, 147, 1, 1, 'Este tio es un cabron', NULL, 'resolved', 281087422056497163, 'asdadasda', '2025-08-23 15:46:36', '2025-08-23 15:47:00'),
(13, 148, 1, 179, 'O André xitou', NULL, 'resolved', 281087422056497163, 'Não xitou nada.', '2025-08-25 21:30:11', '2025-08-25 21:30:40'),
(14, 157, 1, 1, 'Ele chitou', NULL, 'resolved', 281087422056497163, 'asd asdas d', '2025-08-27 23:55:58', '2025-08-27 23:56:13'),
(15, 158, 1, 1, 'asda a', NULL, 'resolved', 281087422056497163, 'asdasd', '2025-08-28 15:47:18', '2025-08-28 15:47:25'),
(16, 159, 1, 1, 'Este gajo chitou', NULL, 'resolved', 281087422056497163, 'afinal nao era assim', '2025-08-28 20:52:05', '2025-08-28 20:52:43'),
(17, 164, 2, 1, 'para não ser confirmado automaticamente', NULL, 'resolved', 281087422056497163, 'Resolvido', '2025-09-04 22:51:16', '2025-09-04 22:55:42'),
(18, 164, 2, 1, '.', NULL, 'resolved', 281087422056497163, 'asd', '2025-09-04 22:56:34', '2025-09-04 23:31:22');

-- --------------------------------------------------------

--
-- Table structure for table `ladder_match_queue`
--

CREATE TABLE `ladder_match_queue` (
  `id` int NOT NULL,
  `player_id` int NOT NULL,
  `discord_id` varchar(50) NOT NULL,
  `looking_since` timestamp NULL DEFAULT CURRENT_TIMESTAMP,
  `competition_id` int NOT NULL DEFAULT '1',
  `ladder_id` bigint NOT NULL
) ENGINE=InnoDB DEFAULT CHARSET=utf8mb4 COLLATE=utf8mb4_0900_ai_ci;

-- --------------------------------------------------------

--
-- Table structure for table `ladder_player_stats`
--

CREATE TABLE `ladder_player_stats` (
  `player_id` int NOT NULL,
  `elo_rating` int NOT NULL DEFAULT '1000',
  `games_played` int DEFAULT '0',
  `wins` int DEFAULT '0',
  `draws` int DEFAULT '0',
  `losses` int DEFAULT '0',
  `goals_scored` int DEFAULT '0',
  `goals_conceded` int DEFAULT '0',
  `points` int DEFAULT '0',
  `last_played` timestamp NULL DEFAULT NULL,
  `goal_diff` int DEFAULT '0',
  `win_streak` int DEFAULT '0',
  `competition_id` int NOT NULL DEFAULT '1',
  `ladder_id` bigint NOT NULL
) ENGINE=InnoDB DEFAULT CHARSET=utf8mb4 COLLATE=utf8mb4_0900_ai_ci;

--
-- Dumping data for table `ladder_player_stats`
--

INSERT INTO `ladder_player_stats` (`player_id`, `elo_rating`, `games_played`, `wins`, `draws`, `losses`, `goals_scored`, `goals_conceded`, `points`, `last_played`, `goal_diff`, `win_streak`, `competition_id`, `ladder_id`) VALUES
(1, 1258, 131, 82, 7, 42, 298, 256, 253, '2026-01-27 16:51:28', 42, 4, 1, 1),
(1, 1000, 0, 0, 0, 0, 0, 0, 0, '2025-09-08 12:56:13', 0, 0, 1, 2),
(5, 835, 3, 0, 2, 1, 4, 8, 2, '2025-07-18 14:48:14', -4, 0, 1, 1),
(5, 1135, 20, 14, 0, 6, 92, 45, 42, '2025-09-17 20:14:26', 47, 0, 1, 2),
(6, 835, 1, 0, 0, 1, 0, 2, 0, '2025-07-18 13:02:59', -2, 0, 1, 1),
(6, 1000, 0, 0, 0, 0, 0, 0, 0, NULL, 0, 0, 1, 2),
(27, 1019, 1, 1, 0, 0, 7, 6, 3, '2025-07-29 10:22:10', 1, 1, 1, 1),
(36, 1000, 0, 0, 0, 0, 0, 0, 0, NULL, 0, 0, 1, 1),
(37, 1000, 0, 0, 0, 0, 0, 0, 0, '2025-07-27 15:08:58', 0, 0, 1, 1),
(38, 1000, 0, 0, 0, 0, 0, 0, 0, '2025-07-27 15:29:38', 0, 0, 1, 1),
(39, 1000, 0, 0, 0, 0, 0, 0, 0, '2025-07-27 15:34:40', 0, 0, 1, 1),
(40, 1000, 0, 0, 0, 0, 0, 0, 0, '2025-07-27 15:36:20', 0, 0, 1, 1),
(41, 985, 0, 0, 0, 0, 0, 0, 0, '2025-07-27 15:40:54', 0, 0, 1, 1),
(42, 985, 1, 0, 0, 1, 2, 5, 0, '2025-07-27 15:46:37', -3, 0, 1, 1),
(43, 1187, 1, 0, 0, 1, 1, 3, 0, '2025-07-27 15:50:23', -2, 0, 1, 1),
(44, 987, 1, 0, 0, 1, 2, 6, 0, '2025-07-28 19:08:21', -4, 0, 1, 1),
(45, 988, 0, 0, 0, 0, 0, 0, 0, '2025-07-28 19:14:31', 0, 0, 1, 1),
(46, 0, 0, 0, 0, 0, 0, 0, 0, '2025-07-28 21:40:19', 0, 0, 1, 1),
(47, 990, 0, 0, 0, 0, 0, 0, 0, '2025-07-28 21:46:20', 0, 0, 1, 1),
(48, 990, 0, 0, 0, 0, 0, 0, 0, '2025-07-28 21:59:09', 0, 0, 1, 1),
(49, 1020, 0, 0, 0, 0, 0, 0, 0, '2025-07-28 21:59:40', 0, 1, 1, 1),
(50, 990, 0, 0, 0, 0, 0, 0, 0, '2025-07-28 22:02:44', 0, 0, 1, 1),
(51, 1000, 0, 0, 0, 0, 0, 0, 0, NULL, 0, 0, 1, 1),
(54, 1072, 13, 7, 0, 6, 40, 14, 21, '2025-08-17 00:11:47', 26, 1, 1, 1),
(54, 958, 4, 0, 0, 4, 9, 20, 0, '2025-09-17 19:46:50', -11, 0, 1, 2),
(55, 990, 0, 0, 0, 0, 0, 0, 0, '2025-07-28 23:00:09', 0, 0, 1, 1),
(64, 990, 1, 0, 0, 1, 1, 5, 0, '2025-07-29 09:27:30', -4, 0, 1, 1),
(76, 980, 2, 0, 0, 2, 2, 8, 0, '2025-08-15 02:31:54', -6, 0, 1, 1),
(77, 1000, 0, 0, 0, 0, 0, 0, 0, NULL, 0, 0, 1, 1),
(78, 1000, 0, 0, 0, 0, 0, 0, 0, NULL, 0, 0, 1, 1),
(79, 1000, 0, 0, 0, 0, 0, 0, 0, NULL, 0, 0, 1, 1),
(80, 1000, 0, 0, 0, 0, 0, 0, 0, NULL, 0, 0, 1, 1),
(81, 990, 1, 0, 0, 1, 1, 3, 0, '2025-08-16 01:52:53', -2, 0, 1, 1),
(82, 990, 1, 0, 0, 1, 1, 10, 0, '2025-08-16 01:57:16', -9, 0, 1, 1),
(83, 1021, 1, 1, 0, 0, 4, 1, 3, '2025-08-16 02:20:42', 3, 1, 1, 1),
(84, 1000, 0, 0, 0, 0, 0, 0, 0, NULL, 0, 0, 1, 1),
(85, 990, 1, 0, 0, 1, 1, 3, 0, '2025-08-16 02:28:36', -2, 0, 1, 1),
(86, 1023, 1, 1, 0, 0, 7, 1, 3, '2025-08-16 02:31:20', 6, 1, 1, 1),
(87, 1019, 1, 1, 0, 0, 2, 1, 3, '2025-08-16 02:40:08', 1, 1, 1, 1),
(88, 990, 1, 0, 0, 1, 2, 10, 0, '2025-08-16 02:40:53', -8, 0, 1, 1),
(89, 1021, 1, 1, 0, 0, 5, 1, 3, '2025-08-16 02:42:14', 4, 1, 1, 1),
(90, 981, 2, 0, 0, 2, 2, 6, 0, '2025-08-16 02:51:02', -4, 0, 1, 1),
(91, 990, 1, 0, 0, 1, 1, 3, 0, '2025-08-16 03:06:10', -2, 0, 1, 1),
(92, 1023, 1, 1, 0, 0, 8, 1, 3, '2025-08-16 03:08:32', 7, 1, 1, 1),
(93, 1023, 1, 1, 0, 0, 9, 1, 3, '2025-08-16 03:13:56', 8, 1, 1, 1),
(94, 1000, 0, 0, 0, 0, 0, 0, 0, NULL, 0, 0, 1, 1),
(95, 1000, 0, 0, 0, 0, 0, 0, 0, NULL, 0, 0, 1, 1),
(96, 1000, 0, 0, 0, 0, 0, 0, 0, NULL, 0, 0, 1, 1),
(97, 1000, 0, 0, 0, 0, 0, 0, 0, NULL, 0, 0, 1, 1),
(98, 989, 1, 0, 0, 1, 1, 5, 0, '2025-08-16 03:45:40', -4, 0, 1, 1),
(99, 990, 1, 0, 0, 1, 1, 4, 0, '2025-08-16 03:49:29', -3, 0, 1, 1),
(100, 990, 1, 0, 0, 1, 1, 3, 0, '2025-08-16 03:51:44', -2, 0, 1, 1),
(101, 990, 1, 0, 0, 1, 0, 1, 0, '2025-08-16 03:55:04', -1, 0, 1, 1),
(102, 990, 1, 0, 0, 1, 1, 3, 0, '2025-08-16 04:03:17', -2, 0, 1, 1),
(103, 991, 1, 0, 0, 1, 1, 3, 0, '2025-08-16 04:04:45', -2, 0, 1, 1),
(104, 991, 1, 0, 0, 1, 1, 3, 0, '2025-08-16 04:09:39', -2, 0, 1, 1),
(105, 991, 1, 0, 0, 1, 1, 3, 0, '2025-08-16 04:15:31', -2, 0, 1, 1),
(106, 1000, 0, 0, 0, 0, 0, 0, 0, NULL, 0, 0, 1, 1),
(107, 991, 1, 0, 0, 1, 1, 3, 0, '2025-08-16 04:49:28', -2, 0, 1, 1),
(108, 992, 1, 0, 0, 1, 1, 3, 0, '2025-08-16 04:50:31', -2, 0, 1, 1),
(109, 992, 1, 0, 0, 1, 1, 3, 0, '2025-08-16 04:52:53', -2, 0, 1, 1),
(110, 992, 1, 0, 0, 1, 1, 3, 0, '2025-08-16 13:45:13', -2, 0, 1, 1),
(111, 992, 1, 0, 0, 1, 1, 2, 0, '2025-08-16 13:49:31', -1, 0, 1, 1),
(112, 992, 1, 0, 0, 1, 1, 3, 0, '2025-08-16 14:58:10', -2, 0, 1, 1),
(113, 1023, 1, 1, 0, 0, 4, 1, 3, '2025-08-16 15:05:45', 3, 1, 1, 1),
(114, 1023, 1, 1, 0, 0, 5, 1, 3, '2025-08-16 15:08:08', 4, 1, 1, 1),
(115, 1020, 1, 1, 0, 0, 2, 1, 3, '2025-08-16 15:12:39', 1, 1, 1, 1),
(116, 1020, 1, 1, 0, 0, 2, 1, 3, '2025-08-16 15:16:42', 1, 1, 1, 1),
(117, 1020, 1, 1, 0, 0, 2, 1, 3, '2025-08-16 15:19:19', 1, 1, 1, 1),
(118, 1020, 1, 1, 0, 0, 3, 1, 3, '2025-08-16 15:24:44', 2, 1, 1, 1),
(119, 1021, 1, 1, 0, 0, 5, 1, 3, '2025-08-16 15:29:20', 4, 1, 1, 1),
(120, 990, 1, 0, 0, 1, 1, 3, 0, '2025-08-16 15:32:51', -2, 0, 1, 1),
(121, 1019, 1, 1, 0, 0, 2, 1, 3, '2025-08-16 15:34:34', 1, 1, 1, 1),
(122, 990, 1, 0, 0, 1, 0, 5, 0, '2025-08-16 15:35:14', -5, 0, 1, 1),
(123, 1002, 1, 0, 1, 0, 1, 1, 1, '2025-08-16 22:05:59', 0, 0, 1, 1),
(124, 1002, 1, 0, 1, 0, 2, 2, 1, '2025-08-16 22:13:39', 0, 0, 1, 1),
(125, 1002, 1, 0, 1, 0, 3, 3, 1, '2025-08-16 22:20:47', 0, 0, 1, 1),
(126, 1002, 1, 0, 1, 0, 3, 3, 1, '2025-08-16 22:28:07', 0, 0, 1, 1),
(127, 1018, 1, 1, 0, 0, 2, 2, 3, '2025-08-16 22:32:04', 0, 1, 1, 1),
(128, 989, 1, 0, 0, 1, 1, 1, 0, '2025-08-16 22:33:46', 0, 0, 1, 1),
(129, 990, 1, 0, 0, 1, 1, 3, 0, '2025-08-16 22:37:57', -2, 0, 1, 1),
(130, 1018, 1, 1, 0, 0, 1, 1, 3, '2025-08-16 22:40:24', 0, 1, 1, 1),
(131, 1018, 1, 1, 0, 0, 3, 3, 3, '2025-08-16 22:54:41', 0, 1, 1, 1),
(132, 989, 1, 0, 0, 1, 1, 1, 0, '2025-08-16 23:16:56', 0, 0, 1, 1),
(133, 989, 1, 0, 0, 1, 1, 2, 0, '2025-08-16 23:23:32', -1, 0, 1, 1),
(134, 1000, 0, 0, 0, 0, 0, 0, 0, NULL, 0, 0, 1, 1),
(135, 990, 1, 0, 0, 1, 1, 2, 0, '2025-08-18 02:04:50', -1, 0, 1, 1),
(136, 990, 1, 0, 0, 1, 1, 2, 0, '2025-08-18 02:14:42', -1, 0, 1, 1),
(137, 1003, 1, 0, 1, 0, 0, 0, 1, '2025-08-18 02:15:57', 0, 0, 1, 1),
(138, 990, 1, 0, 0, 1, 1, 2, 0, '2025-08-18 02:19:47', -1, 0, 1, 1),
(139, 1019, 1, 1, 0, 0, 3, 2, 3, '2025-08-18 02:23:20', 1, 1, 1, 1),
(140, 1019, 1, 1, 0, 0, 3, 2, 3, '2025-08-18 02:25:14', 1, 1, 1, 1),
(141, 990, 1, 0, 0, 1, 0, 1, 0, '2025-08-18 02:30:36', -1, 0, 1, 1),
(142, 990, 1, 0, 0, 1, 0, 1, 0, '2025-08-18 02:32:28', -1, 0, 1, 1),
(143, 990, 1, 0, 0, 1, 1, 2, 0, '2025-08-18 02:51:04', -1, 0, 1, 1),
(144, 1020, 1, 1, 0, 0, 3, 1, 3, '2025-08-18 02:57:13', 2, 1, 1, 1),
(145, 990, 1, 0, 0, 1, 1, 3, 0, '2025-08-18 03:03:02', -2, 0, 1, 1),
(146, 1022, 1, 1, 0, 0, 5, 0, 3, '2025-08-18 03:05:08', 5, 1, 1, 1),
(147, 990, 1, 0, 0, 1, 1, 2, 0, '2025-08-18 03:06:54', -1, 0, 1, 1),
(148, 990, 1, 0, 0, 1, 1, 2, 0, '2025-08-18 03:14:22', -1, 0, 1, 1),
(149, 990, 1, 0, 0, 1, 1, 2, 0, '2025-08-18 03:16:39', -1, 0, 1, 1),
(150, 991, 1, 0, 0, 1, 1, 2, 0, '2025-08-18 03:21:14', -1, 0, 1, 1),
(151, 1020, 1, 1, 0, 0, 5, 3, 3, '2025-08-18 03:24:51', 2, 1, 1, 1),
(152, 990, 1, 0, 0, 1, 0, 2, 0, '2025-08-18 03:25:55', -2, 0, 1, 1),
(153, 991, 1, 0, 0, 1, 1, 2, 0, '2025-08-18 03:31:25', -1, 0, 1, 1),
(154, 991, 1, 0, 0, 1, 1, 3, 0, '2025-08-18 03:34:48', -2, 0, 1, 1),
(155, 991, 1, 0, 0, 1, 1, 3, 0, '2025-08-18 03:39:20', -2, 0, 1, 1),
(156, 991, 1, 0, 0, 1, 1, 2, 0, '2025-08-18 03:40:26', -1, 0, 1, 1),
(157, 1026, 1, 1, 0, 0, 10, 1, 3, '2025-08-19 23:17:33', 9, 1, 1, 1),
(158, 1021, 1, 1, 0, 0, 4, 1, 3, '2025-08-19 23:46:56', 3, 1, 1, 1),
(159, 1019, 1, 1, 0, 0, 2, 2, 3, '2025-08-20 01:17:53', 0, 1, 1, 1),
(160, 1019, 1, 1, 0, 0, 2, 1, 3, '2025-08-21 11:47:43', 1, 1, 1, 1),
(161, 1018, 1, 1, 0, 0, 1, 1, 3, '2025-08-21 14:05:08', 0, 1, 1, 1),
(162, 969, 9, 2, 0, 7, 11, 18, 6, '2025-08-21 15:07:38', -7, 0, 1, 1),
(163, 991, 1, 0, 0, 1, 1, 4, 0, '2025-08-21 15:26:13', -3, 0, 1, 1),
(164, 1019, 1, 1, 0, 0, 2, 2, 3, '2025-08-21 21:19:47', 0, 1, 1, 1),
(165, 991, 1, 0, 0, 1, 1, 4, 0, '2025-08-22 01:04:31', -3, 0, 1, 1),
(166, 991, 1, 0, 0, 1, 0, 2, 0, '2025-08-22 01:04:48', -2, 0, 1, 1),
(167, 990, 1, 0, 0, 1, 0, 3, 0, '2025-08-22 01:03:57', -3, 0, 1, 1),
(168, 992, 1, 0, 0, 1, 1, 2, 0, '2025-08-27 13:27:07', -1, 0, 1, 1),
(169, 991, 1, 0, 0, 1, 1, 3, 0, '2025-08-22 11:38:25', -2, 0, 1, 1),
(170, 1000, 0, 0, 0, 0, 0, 0, 0, NULL, 0, 0, 1, 1),
(171, 1000, 0, 0, 0, 0, 0, 0, 0, NULL, 0, 0, 1, 1),
(172, 991, 1, 0, 0, 1, 0, 3, 0, '2025-08-22 12:28:21', -3, 0, 1, 1),
(173, 1020, 1, 1, 0, 0, 2, 1, 3, '2025-08-22 13:30:44', 1, 1, 1, 1),
(174, 991, 1, 0, 0, 1, 1, 2, 0, '2025-08-23 01:21:18', -1, 0, 1, 1),
(175, 991, 1, 0, 0, 1, 1, 3, 0, '2025-08-23 02:05:22', -2, 0, 1, 1),
(176, 992, 1, 0, 0, 1, 1, 3, 0, '2025-08-23 15:47:12', -2, 0, 1, 1),
(177, 1053, 3, 3, 0, 0, 12, 0, 9, '2025-08-25 21:37:27', 12, 3, 1, 1),
(177, 888, 15, 1, 0, 14, 36, 94, 3, '2025-09-11 21:08:24', -58, 0, 1, 2),
(178, 975, 2, 0, 0, 2, 9, 11, 0, '2025-08-25 21:42:29', -2, 0, 1, 1),
(178, 1114, 33, 20, 0, 13, 159, 136, 60, '2025-09-15 15:06:13', 23, 0, 1, 2),
(179, 1006, 2, 1, 0, 1, 10, 11, 3, '2025-08-25 21:42:29', -1, 1, 1, 1),
(179, 1036, 15, 7, 0, 8, 54, 59, 21, '2025-09-16 20:28:43', -5, 0, 1, 2),
(180, 996, 3, 1, 0, 2, 1, 10, 3, '2025-08-25 21:41:41', -9, 1, 1, 1),
(180, 1222, 38, 27, 0, 11, 151, 93, 81, '2025-09-17 20:14:26', 58, 3, 1, 2),
(181, 1000, 0, 0, 0, 0, 0, 0, 0, NULL, 0, 0, 1, 1),
(182, 992, 1, 0, 0, 1, 1, 2, 0, '2025-08-27 11:20:20', -1, 0, 1, 1),
(183, 992, 1, 0, 0, 1, 1, 2, 0, '2025-08-27 14:21:26', -1, 0, 1, 1),
(184, 992, 1, 0, 0, 1, 1, 2, 0, '2025-08-27 23:38:36', -1, 0, 1, 1),
(185, 1020, 1, 1, 0, 0, 2, 2, 3, '2025-08-27 23:56:17', 0, 1, 1, 1),
(186, 992, 1, 0, 0, 1, 1, 2, 0, '2025-08-28 15:48:15', -1, 0, 1, 1),
(187, 1022, 1, 1, 0, 0, 5, 3, 3, '2025-08-28 20:52:48', 2, 1, 1, 1),
(188, 992, 1, 0, 0, 1, 1, 3, 0, '2025-08-30 23:59:24', -2, 0, 1, 1),
(195, 962, 13, 3, 0, 10, 45, 72, 9, '2025-09-13 21:29:47', -27, 0, 1, 2),
(197, 1268, 36, 30, 0, 6, 193, 84, 90, '2025-09-17 20:44:46', 109, 5, 1, 2),
(199, 872, 23, 3, 0, 20, 36, 110, 9, '2025-09-13 21:05:56', -74, 0, 1, 2),
(200, 959, 9, 2, 0, 7, 17, 41, 6, '2025-09-07 18:15:37', -24, 0, 1, 2),
(202, 858, 18, 1, 0, 17, 19, 84, 3, '2025-09-17 20:44:46', -65, 0, 1, 2),
(203, 1035, 30, 14, 0, 16, 102, 98, 42, '2025-09-14 22:17:04', 4, 0, 1, 2),
(206, 1299, 33, 27, 0, 6, 123, 69, 81, '2025-09-16 16:52:56', 54, 15, 1, 2),
(208, 944, 8, 1, 0, 7, 26, 52, 3, '2025-09-12 17:54:23', -26, 0, 1, 2),
(209, 998, 6, 2, 0, 4, 19, 23, 6, '2025-09-11 21:13:15', -4, 0, 1, 2),
(212, 1004, 10, 4, 0, 6, 24, 40, 12, '2025-09-17 18:10:24', -16, 0, 1, 2),
(213, 1163, 44, 27, 0, 17, 189, 149, 81, '2025-09-17 19:21:57', 40, 0, 1, 2),
(214, 1031, 40, 17, 0, 23, 171, 172, 51, '2025-09-16 23:03:22', -1, 0, 1, 2),
(222, 1000, 0, 0, 0, 0, 0, 0, 0, NULL, 0, 0, 1, 2),
(230, 1014, 8, 4, 0, 4, 19, 30, 12, '2025-09-08 12:56:13', -11, 0, 1, 2),
(231, 1003, 5, 2, 0, 3, 15, 18, 6, '2025-09-06 08:37:38', -3, 1, 1, 2),
(233, 1067, 9, 6, 0, 3, 35, 31, 18, '2025-09-14 18:09:51', 4, 0, 1, 2),
(236, 983, 2, 0, 0, 2, 2, 5, 0, '2025-09-12 18:33:21', -3, 0, 1, 2),
(239, 1000, 0, 0, 0, 0, 0, 0, 0, '2025-09-04 22:06:01', 0, 0, 1, 2),
(254, 1000, 0, 0, 0, 0, 0, 0, 0, NULL, 0, 0, 1, 2),
(255, 1000, 0, 0, 0, 0, 0, 0, 0, '2025-09-05 01:12:44', 0, 0, 1, 2),
(256, 1000, 0, 0, 0, 0, 0, 0, 0, NULL, 0, 0, 1, 2),
(268, 978, 11, 3, 0, 8, 38, 49, 9, '2025-09-16 00:11:14', -11, 0, 1, 2),
(285, 992, 1, 0, 0, 1, 1, 2, 0, '2025-12-03 16:24:12', -1, 0, 1, 1),
(286, 992, 1, 0, 0, 1, 1, 2, 0, '2025-12-03 16:51:45', -1, 0, 1, 1),
(287, 992, 1, 0, 0, 1, 1, 2, 0, '2026-01-27 16:51:28', -1, 0, 1, 1);

-- --------------------------------------------------------

--
-- Table structure for table `ladder_queue_history`
--

CREATE TABLE `ladder_queue_history` (
  `id` int NOT NULL,
  `user_id` int NOT NULL,
  `discord_id` varchar(50) NOT NULL,
  `competition_id` int NOT NULL,
  `ladder_id` bigint NOT NULL,
  `queued_at` timestamp NOT NULL DEFAULT CURRENT_TIMESTAMP,
  `left_at` timestamp NULL DEFAULT NULL,
  `left_reason` enum('matched','cancelled','purged') DEFAULT NULL
) ENGINE=InnoDB DEFAULT CHARSET=utf8mb4 COLLATE=utf8mb4_0900_ai_ci;

--
-- Dumping data for table `ladder_queue_history`
--

INSERT INTO `ladder_queue_history` (`id`, `user_id`, `discord_id`, `competition_id`, `ladder_id`, `queued_at`, `left_at`, `left_reason`) VALUES
(1, 268, '215494658413953025', 1, 2, '2025-09-05 22:57:12', '2025-09-05 21:59:13', 'matched'),
(2, 213, '883413355266719794', 1, 2, '2025-09-05 23:07:03', '2025-09-05 22:08:43', 'cancelled'),
(3, 213, '883413355266719794', 1, 2, '2025-09-05 23:11:47', '2025-09-05 22:13:09', 'matched'),
(4, 5, '627539879345258527', 1, 2, '2025-09-05 23:14:26', '2025-09-09 23:04:11', 'matched'),
(5, 199, '1030850337885667359', 1, 2, '2025-09-05 23:19:45', NULL, NULL),
(6, 5, '627539879345258527', 1, 2, '2025-09-05 23:23:48', '2025-09-05 22:24:09', 'matched'),
(7, 199, '1030850337885667359', 1, 2, '2025-09-05 23:24:30', '2025-09-05 22:25:39', 'matched'),
(8, 202, '1026780140023332884', 1, 2, '2025-09-05 23:29:17', '2025-09-05 22:42:38', 'matched'),
(9, 213, '883413355266719794', 1, 2, '2025-09-05 23:43:55', '2025-09-05 23:06:03', 'matched'),
(10, 197, '336180685947797504', 1, 2, '2025-09-05 23:45:54', '2025-09-05 22:50:09', 'matched'),
(11, 5, '627539879345258527', 1, 2, '2025-09-05 23:48:13', '2025-09-05 22:50:10', 'matched'),
(12, 268, '215494658413953025', 1, 2, '2025-09-06 00:03:45', '2025-09-05 23:06:03', 'matched'),
(13, 202, '1026780140023332884', 1, 2, '2025-09-06 00:04:31', '2025-09-06 14:24:11', 'matched'),
(14, 197, '336180685947797504', 1, 2, '2025-09-06 00:24:03', NULL, NULL),
(15, 268, '215494658413953025', 1, 2, '2025-09-06 00:34:12', NULL, NULL),
(16, 197, '336180685947797504', 1, 2, '2025-09-06 00:47:25', NULL, NULL),
(17, 268, '215494658413953025', 1, 2, '2025-09-06 01:05:38', '2025-09-06 00:23:47', 'cancelled'),
(18, 230, '757601909589671956', 1, 2, '2025-09-06 04:45:58', '2025-09-06 03:45:59', 'matched'),
(19, 230, '757601909589671956', 1, 2, '2025-09-06 05:04:32', '2025-09-06 04:04:33', 'matched'),
(20, 177, '372850478989443072', 1, 2, '2025-09-06 06:21:27', '2025-09-06 05:22:02', 'cancelled'),
(21, 231, '467092839898152971', 1, 2, '2025-09-06 06:46:59', '2025-09-06 05:57:49', 'cancelled'),
(22, 200, '1405939390601101454', 1, 2, '2025-09-06 07:06:08', '2025-09-06 06:06:13', 'matched'),
(23, 231, '467092839898152971', 1, 2, '2025-09-06 07:48:55', '2025-09-06 06:49:23', 'matched'),
(24, 200, '1405939390601101454', 1, 2, '2025-09-06 08:18:58', '2025-09-06 07:19:22', 'matched'),
(25, 177, '372850478989443072', 1, 2, '2025-09-06 10:45:14', NULL, NULL),
(26, 213, '883413355266719794', 1, 2, '2025-09-06 10:54:58', '2025-09-07 16:06:20', 'matched'),
(27, 212, '786020577516584970', 1, 2, '2025-09-06 12:30:12', '2025-09-06 11:30:40', 'cancelled'),
(28, 213, '883413355266719794', 1, 2, '2025-09-06 12:30:55', '2025-09-06 11:42:48', 'cancelled'),
(29, 180, '380011277457686538', 1, 2, '2025-09-06 12:49:16', '2025-09-06 11:55:33', 'cancelled'),
(30, 180, '380011277457686538', 1, 2, '2025-09-06 12:56:55', '2025-09-06 11:57:31', 'matched'),
(31, 213, '883413355266719794', 1, 2, '2025-09-06 13:00:13', '2025-09-07 15:46:59', 'matched'),
(32, 177, '372850478989443072', 1, 2, '2025-09-06 13:02:19', NULL, NULL),
(33, 177, '372850478989443072', 1, 2, '2025-09-06 13:23:09', NULL, NULL),
(34, 233, '928808067443851285', 1, 2, '2025-09-06 13:23:41', '2025-09-06 13:12:31', 'matched'),
(35, 180, '380011277457686538', 1, 2, '2025-09-06 13:32:39', '2025-09-06 12:35:40', 'matched'),
(36, 197, '336180685947797504', 1, 2, '2025-09-06 13:41:50', NULL, NULL),
(37, 177, '372850478989443072', 1, 2, '2025-09-06 13:45:44', NULL, NULL),
(38, 200, '1405939390601101454', 1, 2, '2025-09-06 13:55:59', '2025-09-06 13:07:18', 'cancelled'),
(39, 180, '380011277457686538', 1, 2, '2025-09-06 13:56:25', NULL, NULL),
(40, 212, '786020577516584970', 1, 2, '2025-09-06 14:11:48', '2025-09-06 13:12:31', 'matched'),
(41, 177, '372850478989443072', 1, 2, '2025-09-06 14:18:20', NULL, NULL),
(42, 197, '336180685947797504', 1, 2, '2025-09-06 14:18:56', NULL, NULL),
(43, 230, '757601909589671956', 1, 2, '2025-09-06 14:27:02', '2025-09-07 16:45:45', 'matched'),
(44, 200, '1405939390601101454', 1, 2, '2025-09-06 14:27:24', NULL, NULL),
(45, 202, '1026780140023332884', 1, 2, '2025-09-06 15:00:50', '2025-09-06 14:01:15', 'cancelled'),
(46, 212, '786020577516584970', 1, 2, '2025-09-06 15:20:48', '2025-09-06 14:24:11', 'matched'),
(47, 202, '1026780140023332884', 1, 2, '2025-09-06 15:43:40', NULL, NULL),
(48, 212, '786020577516584970', 1, 2, '2025-09-06 15:44:04', '2025-09-11 19:23:47', 'matched'),
(49, 212, '786020577516584970', 1, 2, '2025-09-06 16:05:43', '2025-09-06 16:03:50', 'matched'),
(50, 202, '1026780140023332884', 1, 2, '2025-09-06 16:06:42', '2025-09-06 16:44:23', 'matched'),
(51, 180, '380011277457686538', 1, 2, '2025-09-06 16:51:52', '2025-09-06 16:03:50', 'matched'),
(52, 199, '1030850337885667359', 1, 2, '2025-09-06 17:06:16', NULL, NULL),
(53, 180, '380011277457686538', 1, 2, '2025-09-06 17:24:13', NULL, NULL),
(54, 212, '786020577516584970', 1, 2, '2025-09-06 17:28:56', '2025-09-06 16:35:46', 'cancelled'),
(55, 214, '448578046694260736', 1, 2, '2025-09-06 17:41:05', '2025-09-06 16:41:28', 'cancelled'),
(56, 199, '1030850337885667359', 1, 2, '2025-09-06 17:42:32', '2025-09-06 16:44:23', 'matched'),
(57, 180, '380011277457686538', 1, 2, '2025-09-06 17:44:24', NULL, NULL),
(58, 200, '1405939390601101454', 1, 2, '2025-09-06 17:59:02', '2025-09-06 17:43:02', 'matched'),
(59, 199, '1030850337885667359', 1, 2, '2025-09-06 18:02:33', '2025-09-06 17:07:33', 'cancelled'),
(60, 202, '1026780140023332884', 1, 2, '2025-09-06 18:12:04', '2025-09-06 17:12:13', 'cancelled'),
(61, 180, '380011277457686538', 1, 2, '2025-09-06 18:22:04', '2025-09-06 19:27:26', 'matched'),
(62, 202, '1026780140023332884', 1, 2, '2025-09-06 18:22:04', NULL, NULL),
(63, 202, '1026780140023332884', 1, 2, '2025-09-06 18:41:46', '2025-09-06 17:43:02', 'matched'),
(64, 233, '928808067443851285', 1, 2, '2025-09-06 18:48:07', '2025-09-06 17:48:22', 'cancelled'),
(65, 199, '1030850337885667359', 1, 2, '2025-09-06 18:55:10', '2025-09-06 17:55:19', 'cancelled'),
(66, 202, '1026780140023332884', 1, 2, '2025-09-06 19:11:30', NULL, NULL),
(67, 230, '757601909589671956', 1, 2, '2025-09-06 19:11:48', '2025-09-07 16:09:52', 'matched'),
(68, 212, '786020577516584970', 1, 2, '2025-09-06 19:30:15', '2025-09-06 18:31:10', 'cancelled'),
(69, 197, '336180685947797504', 1, 2, '2025-09-06 20:22:59', '2025-09-06 19:27:27', 'matched'),
(70, 197, '336180685947797504', 1, 2, '2025-09-06 20:46:29', NULL, NULL),
(71, 180, '380011277457686538', 1, 2, '2025-09-06 20:48:29', NULL, NULL),
(72, 178, '816672274463195168', 1, 2, '2025-09-06 20:51:57', '2025-09-06 20:04:10', 'cancelled'),
(73, 197, '336180685947797504', 1, 2, '2025-09-06 22:18:18', NULL, NULL),
(74, 268, '215494658413953025', 1, 2, '2025-09-06 23:14:02', NULL, NULL),
(75, 268, '215494658413953025', 1, 2, '2025-09-06 23:36:52', '2025-09-06 22:39:02', 'cancelled'),
(76, 5, '627539879345258527', 1, 2, '2025-09-07 00:00:14', '2025-09-06 23:00:26', 'cancelled'),
(77, 177, '372850478989443072', 1, 2, '2025-09-07 10:34:36', NULL, NULL),
(78, 180, '380011277457686538', 1, 2, '2025-09-07 11:11:04', NULL, NULL),
(79, 177, '372850478989443072', 1, 2, '2025-09-07 11:36:35', NULL, NULL),
(80, 180, '380011277457686538', 1, 2, '2025-09-07 11:37:33', '2025-09-07 10:38:35', 'cancelled'),
(81, 178, '816672274463195168', 1, 2, '2025-09-07 11:49:32', '2025-09-07 11:45:35', 'matched'),
(82, 208, '1046930183501922375', 1, 2, '2025-09-07 12:07:55', '2025-09-09 21:40:57', 'matched'),
(83, 177, '372850478989443072', 1, 2, '2025-09-07 12:10:48', NULL, NULL),
(84, 178, '816672274463195168', 1, 2, '2025-09-07 12:15:12', '2025-09-07 11:21:00', 'cancelled'),
(85, 178, '816672274463195168', 1, 2, '2025-09-07 12:37:02', '2025-09-07 11:40:56', 'cancelled'),
(86, 208, '1046930183501922375', 1, 2, '2025-09-07 12:41:33', '2025-09-07 11:45:35', 'matched'),
(87, 180, '380011277457686538', 1, 2, '2025-09-07 13:02:29', NULL, NULL),
(88, 197, '336180685947797504', 1, 2, '2025-09-07 13:25:35', NULL, NULL),
(89, 197, '336180685947797504', 1, 2, '2025-09-07 14:33:54', NULL, NULL),
(90, 178, '816672274463195168', 1, 2, '2025-09-07 14:40:00', '2025-09-07 15:29:35', 'matched'),
(91, 197, '336180685947797504', 1, 2, '2025-09-07 15:03:31', NULL, NULL),
(92, 177, '372850478989443072', 1, 2, '2025-09-07 15:09:12', '2025-09-11 19:50:39', 'matched'),
(93, 180, '380011277457686538', 1, 2, '2025-09-07 16:24:02', '2025-09-07 15:29:35', 'matched'),
(94, 178, '816672274463195168', 1, 2, '2025-09-07 16:46:20', '2025-09-07 15:46:59', 'matched'),
(95, 180, '380011277457686538', 1, 2, '2025-09-07 16:46:23', '2025-09-07 15:51:42', 'cancelled'),
(96, 180, '380011277457686538', 1, 2, '2025-09-07 16:51:47', '2025-09-07 16:06:20', 'matched'),
(97, 200, '1405939390601101454', 1, 2, '2025-09-07 17:09:38', '2025-09-07 16:10:44', 'cancelled'),
(98, 178, '816672274463195168', 1, 2, '2025-09-07 17:09:51', '2025-09-07 16:09:52', 'matched'),
(99, 180, '380011277457686538', 1, 2, '2025-09-07 17:23:57', '2025-09-07 16:27:26', 'matched'),
(100, 200, '1405939390601101454', 1, 2, '2025-09-07 17:27:28', '2025-09-07 16:30:17', 'cancelled'),
(101, 206, '388845092296851458', 1, 2, '2025-09-07 17:36:34', NULL, NULL),
(102, 178, '816672274463195168', 1, 2, '2025-09-07 17:37:43', NULL, NULL),
(103, 200, '1405939390601101454', 1, 2, '2025-09-07 17:45:35', '2025-09-07 16:46:26', 'cancelled'),
(104, 180, '380011277457686538', 1, 2, '2025-09-07 17:45:44', '2025-09-07 16:45:45', 'matched'),
(105, 213, '883413355266719794', 1, 2, '2025-09-07 17:46:56', '2025-09-09 16:39:05', 'matched'),
(106, 200, '1405939390601101454', 1, 2, '2025-09-07 17:47:36', NULL, NULL),
(107, 180, '380011277457686538', 1, 2, '2025-09-07 18:05:39', '2025-09-07 17:24:44', 'cancelled'),
(108, 206, '388845092296851458', 1, 2, '2025-09-07 18:05:46', NULL, NULL),
(109, 213, '883413355266719794', 1, 2, '2025-09-07 18:17:12', '2025-09-07 17:18:02', 'matched'),
(110, 197, '336180685947797504', 1, 2, '2025-09-07 19:11:06', NULL, NULL),
(111, 213, '883413355266719794', 1, 2, '2025-09-07 19:15:04', '2025-09-09 13:35:38', 'matched'),
(112, 213, '883413355266719794', 1, 2, '2025-09-07 19:42:41', '2025-09-07 18:42:47', 'cancelled'),
(113, 195, '300903973769052161', 1, 2, '2025-09-07 19:50:45', '2025-09-07 18:52:28', 'cancelled'),
(114, 214, '448578046694260736', 1, 2, '2025-09-07 19:57:44', '2025-09-07 19:11:13', 'matched'),
(115, 197, '336180685947797504', 1, 2, '2025-09-07 20:11:00', '2025-09-07 19:17:32', 'cancelled'),
(116, 213, '883413355266719794', 1, 2, '2025-09-07 20:18:28', '2025-09-07 19:23:30', 'cancelled'),
(117, 214, '448578046694260736', 1, 2, '2025-09-07 20:35:28', NULL, NULL),
(118, 197, '336180685947797504', 1, 2, '2025-09-07 20:35:54', NULL, NULL),
(119, 199, '1030850337885667359', 1, 2, '2025-09-07 20:48:45', '2025-09-07 20:01:23', 'cancelled'),
(120, 213, '883413355266719794', 1, 2, '2025-09-07 20:50:06', '2025-09-07 20:25:30', 'matched'),
(121, 5, '627539879345258527', 1, 2, '2025-09-07 21:08:49', '2025-09-07 20:12:56', 'cancelled'),
(122, 195, '300903973769052161', 1, 2, '2025-09-07 21:14:12', '2025-09-07 20:14:27', 'cancelled'),
(123, 5, '627539879345258527', 1, 2, '2025-09-07 21:16:49', '2025-09-09 22:18:49', 'matched'),
(124, 214, '448578046694260736', 1, 2, '2025-09-07 21:17:35', '2025-09-08 16:17:31', 'matched'),
(125, 178, '816672274463195168', 1, 2, '2025-09-07 21:24:55', '2025-09-07 20:25:30', 'matched'),
(126, 197, '336180685947797504', 1, 2, '2025-09-07 21:46:05', NULL, NULL),
(127, 213, '883413355266719794', 1, 2, '2025-09-07 21:55:04', '2025-09-08 20:42:39', 'matched'),
(128, 5, '627539879345258527', 1, 2, '2025-09-07 22:04:13', '2025-09-07 21:05:00', 'cancelled'),
(129, 214, '448578046694260736', 1, 2, '2025-09-07 22:05:00', '2025-09-07 21:12:38', 'matched'),
(130, 197, '336180685947797504', 1, 2, '2025-09-07 22:19:42', '2025-09-07 21:46:37', 'cancelled'),
(131, 208, '1046930183501922375', 1, 2, '2025-09-07 23:09:18', '2025-09-07 22:21:14', 'cancelled'),
(132, 214, '448578046694260736', 1, 2, '2025-09-08 00:07:10', '2025-09-07 23:24:40', 'cancelled'),
(133, 1, '281087422056497163', 1, 2, '2025-09-08 11:26:58', '2025-09-08 11:55:23', 'matched'),
(134, 195, '300903973769052161', 1, 2, '2025-09-08 17:08:12', '2025-09-08 16:17:31', 'matched'),
(135, 179, '435856944947789835', 1, 2, '2025-09-08 18:04:36', NULL, NULL),
(136, 180, '380011277457686538', 1, 2, '2025-09-08 18:05:34', NULL, NULL),
(137, 179, '435856944947789835', 1, 2, '2025-09-08 18:26:44', '2025-09-09 16:54:38', 'matched'),
(138, 180, '380011277457686538', 1, 2, '2025-09-08 18:26:56', NULL, NULL),
(139, 195, '300903973769052161', 1, 2, '2025-09-08 19:23:04', '2025-09-08 18:30:50', 'cancelled'),
(140, 214, '448578046694260736', 1, 2, '2025-09-08 21:40:33', '2025-09-08 20:42:40', 'matched'),
(141, 203, '926063077965828096', 1, 2, '2025-09-08 21:40:56', '2025-09-08 21:02:20', 'matched'),
(142, 202, '1026780140023332884', 1, 2, '2025-09-08 21:43:21', NULL, NULL),
(143, 197, '336180685947797504', 1, 2, '2025-09-08 21:46:14', NULL, NULL),
(144, 178, '816672274463195168', 1, 2, '2025-09-08 21:52:31', '2025-09-09 19:30:41', 'matched'),
(145, 208, '1046930183501922375', 1, 2, '2025-09-08 21:59:13', '2025-09-08 21:02:20', 'matched'),
(146, 202, '1026780140023332884', 1, 2, '2025-09-08 22:02:22', NULL, NULL),
(147, 214, '448578046694260736', 1, 2, '2025-09-08 22:05:48', NULL, NULL),
(148, 209, '1217155451905376296', 1, 2, '2025-09-08 22:11:23', '2025-09-11 19:24:40', 'matched'),
(149, 178, '816672274463195168', 1, 2, '2025-09-08 22:16:37', '2025-09-08 22:01:21', 'matched'),
(150, 214, '448578046694260736', 1, 2, '2025-09-08 22:30:26', '2025-09-08 21:33:02', 'cancelled'),
(151, 208, '1046930183501922375', 1, 2, '2025-09-08 22:35:16', '2025-09-08 21:40:04', 'cancelled'),
(152, 178, '816672274463195168', 1, 2, '2025-09-08 22:41:52', '2025-09-08 21:45:15', 'cancelled'),
(153, 203, '926063077965828096', 1, 2, '2025-09-08 22:57:30', '2025-09-08 22:01:21', 'matched'),
(154, 197, '336180685947797504', 1, 2, '2025-09-08 23:07:08', NULL, NULL),
(155, 214, '448578046694260736', 1, 2, '2025-09-08 23:16:13', NULL, NULL),
(156, 202, '1026780140023332884', 1, 2, '2025-09-08 23:25:34', NULL, NULL),
(157, 203, '926063077965828096', 1, 2, '2025-09-08 23:33:16', NULL, NULL),
(158, 195, '300903973769052161', 1, 2, '2025-09-08 23:34:25', '2025-09-09 15:43:51', 'matched'),
(159, 197, '336180685947797504', 1, 2, '2025-09-08 23:36:06', '2025-09-08 22:56:13', 'cancelled'),
(160, 214, '448578046694260736', 1, 2, '2025-09-08 23:37:42', NULL, NULL),
(161, 214, '448578046694260736', 1, 2, '2025-09-09 00:10:06', '2025-09-08 23:10:44', 'cancelled'),
(162, 203, '926063077965828096', 1, 2, '2025-09-09 14:24:17', '2025-09-09 13:35:38', 'matched'),
(163, 203, '926063077965828096', 1, 2, '2025-09-09 14:56:35', '2025-09-09 14:18:10', 'cancelled'),
(164, 203, '926063077965828096', 1, 2, '2025-09-09 15:35:07', '2025-09-09 14:37:27', 'cancelled'),
(165, 206, '388845092296851458', 1, 2, '2025-09-09 15:58:53', NULL, NULL),
(166, 203, '926063077965828096', 1, 2, '2025-09-09 16:16:48', '2025-09-09 16:18:09', 'matched'),
(167, 214, '448578046694260736', 1, 2, '2025-09-09 16:31:01', NULL, NULL),
(168, 203, '926063077965828096', 1, 2, '2025-09-09 16:34:56', '2025-09-09 15:55:57', 'matched'),
(169, 206, '388845092296851458', 1, 2, '2025-09-09 16:35:42', '2025-09-09 15:43:51', 'matched'),
(170, 6, '132912003143434240', 1, 2, '2025-09-09 16:53:37', '2025-09-09 15:55:19', 'cancelled'),
(171, 214, '448578046694260736', 1, 2, '2025-09-09 16:55:16', '2025-09-09 15:55:57', 'matched'),
(172, 214, '448578046694260736', 1, 2, '2025-09-09 17:17:42', '2025-09-09 16:18:09', 'matched'),
(173, 206, '388845092296851458', 1, 2, '2025-09-09 17:18:39', '2025-09-09 16:47:23', 'matched'),
(174, 195, '300903973769052161', 1, 2, '2025-09-09 17:26:55', NULL, NULL),
(175, 213, '883413355266719794', 1, 2, '2025-09-09 17:36:19', '2025-09-09 16:36:34', 'cancelled'),
(176, 214, '448578046694260736', 1, 2, '2025-09-09 17:37:32', '2025-09-09 16:39:05', 'matched'),
(177, 203, '926063077965828096', 1, 2, '2025-09-09 17:43:48', '2025-09-09 16:47:23', 'matched'),
(178, 195, '300903973769052161', 1, 2, '2025-09-09 17:51:32', '2025-09-09 16:52:20', 'cancelled'),
(179, 180, '380011277457686538', 1, 2, '2025-09-09 17:53:47', '2025-09-09 16:54:38', 'matched'),
(180, 203, '926063077965828096', 1, 2, '2025-09-09 18:06:40', NULL, NULL),
(181, 206, '388845092296851458', 1, 2, '2025-09-09 18:06:51', '2025-09-09 21:08:02', 'matched'),
(182, 180, '380011277457686538', 1, 2, '2025-09-09 18:20:08', NULL, NULL),
(183, 179, '435856944947789835', 1, 2, '2025-09-09 18:20:09', '2025-09-12 14:36:16', 'matched'),
(184, 203, '926063077965828096', 1, 2, '2025-09-09 18:27:38', '2025-09-09 17:27:53', 'cancelled'),
(185, 179, '435856944947789835', 1, 2, '2025-09-09 18:50:37', '2025-09-09 17:51:40', 'cancelled'),
(186, 214, '448578046694260736', 1, 2, '2025-09-09 19:35:39', '2025-09-09 18:37:09', 'cancelled'),
(187, 197, '336180685947797504', 1, 2, '2025-09-09 20:02:12', NULL, NULL),
(188, 203, '926063077965828096', 1, 2, '2025-09-09 20:14:15', NULL, NULL),
(189, 179, '435856944947789835', 1, 2, '2025-09-09 20:30:07', '2025-09-09 19:30:41', 'matched'),
(190, 203, '926063077965828096', 1, 2, '2025-09-09 20:34:30', NULL, NULL),
(191, 199, '1030850337885667359', 1, 2, '2025-09-09 20:41:04', NULL, NULL),
(192, 214, '448578046694260736', 1, 2, '2025-09-09 20:46:07', '2025-09-09 20:28:46', 'matched'),
(193, 179, '435856944947789835', 1, 2, '2025-09-09 20:52:11', '2025-09-09 20:12:25', 'matched'),
(194, 199, '1030850337885667359', 1, 2, '2025-09-09 21:01:36', NULL, NULL),
(195, 178, '816672274463195168', 1, 2, '2025-09-09 21:01:48', NULL, NULL),
(196, 203, '926063077965828096', 1, 2, '2025-09-09 21:07:52', '2025-09-09 20:21:31', 'cancelled'),
(197, 214, '448578046694260736', 1, 2, '2025-09-09 21:11:43', '2025-09-09 20:12:25', 'matched'),
(198, 206, '388845092296851458', 1, 2, '2025-09-09 21:19:50', '2025-09-09 20:28:46', 'matched'),
(199, 199, '1030850337885667359', 1, 2, '2025-09-09 21:29:10', NULL, NULL),
(200, 178, '816672274463195168', 1, 2, '2025-09-09 21:42:49', NULL, NULL),
(201, 206, '388845092296851458', 1, 2, '2025-09-09 21:45:57', '2025-09-09 20:48:02', 'matched'),
(202, 214, '448578046694260736', 1, 2, '2025-09-09 21:48:38', '2025-09-09 21:08:02', 'matched'),
(203, 199, '1030850337885667359', 1, 2, '2025-09-09 22:16:11', NULL, NULL),
(204, 206, '388845092296851458', 1, 2, '2025-09-09 22:26:10', NULL, NULL),
(205, 214, '448578046694260736', 1, 2, '2025-09-09 22:27:09', '2025-09-09 21:40:57', 'matched'),
(206, 203, '926063077965828096', 1, 2, '2025-09-09 22:34:52', '2025-09-09 22:44:14', 'matched'),
(207, 206, '388845092296851458', 1, 2, '2025-09-09 22:42:46', '2025-09-10 15:59:02', 'matched'),
(208, 214, '448578046694260736', 1, 2, '2025-09-09 23:00:34', '2025-09-09 22:12:10', 'matched'),
(209, 208, '1046930183501922375', 1, 2, '2025-09-09 23:17:04', '2025-09-09 22:18:46', 'cancelled'),
(210, 203, '926063077965828096', 1, 2, '2025-09-09 23:18:36', '2025-09-09 22:18:49', 'matched'),
(211, 5, '627539879345258527', 1, 2, '2025-09-09 23:44:09', '2025-09-09 22:44:14', 'matched'),
(212, 208, '1046930183501922375', 1, 2, '2025-09-09 23:59:10', '2025-09-09 22:59:18', 'cancelled'),
(213, 203, '926063077965828096', 1, 2, '2025-09-10 00:04:06', '2025-09-09 23:04:12', 'matched'),
(214, 5, '627539879345258527', 1, 2, '2025-09-10 00:22:03', '2025-09-09 23:24:39', 'cancelled'),
(215, 203, '926063077965828096', 1, 2, '2025-09-10 00:23:12', '2025-09-10 16:17:27', 'matched'),
(216, 202, '1026780140023332884', 1, 2, '2025-09-10 09:51:04', '2025-09-10 09:00:37', 'cancelled'),
(217, 202, '1026780140023332884', 1, 2, '2025-09-10 11:49:16', '2025-09-10 10:49:32', 'cancelled'),
(218, 1, '281087422056497163', 1, 2, '2025-09-10 13:06:11', '2025-09-10 12:06:28', 'cancelled'),
(219, 203, '926063077965828096', 1, 2, '2025-09-10 14:06:00', '2025-09-10 13:30:12', 'cancelled'),
(220, 203, '926063077965828096', 1, 2, '2025-09-10 14:34:23', '2025-09-10 13:34:33', 'cancelled'),
(221, 214, '448578046694260736', 1, 2, '2025-09-10 15:58:01', '2025-09-10 15:31:52', 'matched'),
(222, 213, '883413355266719794', 1, 2, '2025-09-10 16:09:16', '2025-09-10 17:48:23', 'matched'),
(223, 213, '883413355266719794', 1, 2, '2025-09-10 16:29:55', '2025-09-10 15:31:52', 'matched'),
(224, 213, '883413355266719794', 1, 2, '2025-09-10 16:58:30', '2025-09-10 15:59:02', 'matched'),
(225, 179, '435856944947789835', 1, 2, '2025-09-10 17:13:41', '2025-09-10 16:15:50', 'cancelled'),
(226, 179, '435856944947789835', 1, 2, '2025-09-10 17:16:54', '2025-09-10 16:17:27', 'matched'),
(227, 213, '883413355266719794', 1, 2, '2025-09-10 17:24:16', '2025-09-10 16:25:29', 'cancelled'),
(228, 213, '883413355266719794', 1, 2, '2025-09-10 17:25:34', '2025-09-10 16:27:38', 'cancelled'),
(229, 179, '435856944947789835', 1, 2, '2025-09-10 17:42:05', '2025-09-10 16:42:14', 'cancelled'),
(230, 178, '816672274463195168', 1, 2, '2025-09-10 18:02:05', '2025-09-10 17:02:15', 'cancelled'),
(231, 178, '816672274463195168', 1, 2, '2025-09-10 18:03:25', '2025-09-10 17:05:39', 'cancelled'),
(232, 178, '816672274463195168', 1, 2, '2025-09-10 18:24:08', '2025-09-10 17:24:23', 'cancelled'),
(233, 203, '926063077965828096', 1, 2, '2025-09-10 18:45:59', '2025-09-10 17:48:23', 'matched'),
(234, 203, '926063077965828096', 1, 2, '2025-09-10 19:19:45', '2025-09-10 18:21:24', 'cancelled'),
(235, 197, '336180685947797504', 1, 2, '2025-09-10 19:58:16', '2025-09-10 19:05:09', 'cancelled'),
(236, 203, '926063077965828096', 1, 2, '2025-09-10 20:10:48', NULL, NULL),
(237, 180, '380011277457686538', 1, 2, '2025-09-10 20:15:03', NULL, NULL),
(238, 203, '926063077965828096', 1, 2, '2025-09-10 20:34:08', NULL, NULL),
(239, 180, '380011277457686538', 1, 2, '2025-09-10 20:34:10', NULL, NULL),
(240, 178, '816672274463195168', 1, 2, '2025-09-10 20:40:06', '2025-09-10 19:47:14', 'cancelled'),
(241, 203, '926063077965828096', 1, 2, '2025-09-10 20:52:52', NULL, NULL),
(242, 180, '380011277457686538', 1, 2, '2025-09-10 20:53:40', NULL, NULL),
(243, 195, '300903973769052161', 1, 2, '2025-09-10 21:12:53', NULL, NULL),
(244, 203, '926063077965828096', 1, 2, '2025-09-10 21:13:09', NULL, NULL),
(245, 180, '380011277457686538', 1, 2, '2025-09-10 21:13:16', '2025-09-10 20:22:43', 'cancelled'),
(246, 180, '380011277457686538', 1, 2, '2025-09-10 21:32:23', NULL, NULL),
(247, 195, '300903973769052161', 1, 2, '2025-09-10 21:33:27', NULL, NULL),
(248, 197, '336180685947797504', 1, 2, '2025-09-10 21:33:49', NULL, NULL),
(249, 213, '883413355266719794', 1, 2, '2025-09-10 21:36:44', NULL, NULL),
(250, 214, '448578046694260736', 1, 2, '2025-09-10 21:41:40', NULL, NULL),
(251, 199, '1030850337885667359', 1, 2, '2025-09-10 21:42:43', '2025-09-11 19:27:29', 'matched'),
(252, 195, '300903973769052161', 1, 2, '2025-09-10 22:05:05', '2025-09-10 21:13:16', 'cancelled'),
(253, 213, '883413355266719794', 1, 2, '2025-09-10 22:05:27', NULL, NULL),
(254, 214, '448578046694260736', 1, 2, '2025-09-10 22:05:27', '2025-09-11 16:25:51', 'matched'),
(255, 214, '448578046694260736', 1, 2, '2025-09-10 22:22:54', '2025-09-10 21:28:52', 'cancelled'),
(256, 213, '883413355266719794', 1, 2, '2025-09-10 22:23:34', '2025-09-10 21:27:20', 'cancelled'),
(257, 197, '336180685947797504', 1, 2, '2025-09-10 22:24:49', '2025-09-10 21:25:20', 'cancelled'),
(258, 202, '1026780140023332884', 1, 2, '2025-09-10 22:47:11', '2025-09-10 22:12:35', 'cancelled'),
(259, 256, '1347377444813930589', 1, 2, '2025-09-11 08:36:05', '2025-09-11 07:39:01', 'cancelled'),
(260, 203, '926063077965828096', 1, 2, '2025-09-11 11:12:45', '2025-09-11 10:32:50', 'cancelled'),
(261, 203, '926063077965828096', 1, 2, '2025-09-11 13:54:14', '2025-09-11 12:57:57', 'cancelled'),
(262, 206, '388845092296851458', 1, 2, '2025-09-11 16:09:48', NULL, NULL),
(263, 203, '926063077965828096', 1, 2, '2025-09-11 16:16:03', NULL, NULL),
(264, 203, '926063077965828096', 1, 2, '2025-09-11 16:41:04', '2025-09-11 15:43:06', 'cancelled'),
(265, 206, '388845092296851458', 1, 2, '2025-09-11 17:25:01', '2025-09-11 16:25:51', 'matched'),
(266, 214, '448578046694260736', 1, 2, '2025-09-11 17:44:18', '2025-09-11 17:21:42', 'matched'),
(267, 206, '388845092296851458', 1, 2, '2025-09-11 17:45:17', NULL, NULL),
(268, 206, '388845092296851458', 1, 2, '2025-09-11 18:00:05', '2025-09-11 17:21:42', 'matched'),
(269, 203, '926063077965828096', 1, 2, '2025-09-11 18:26:51', NULL, NULL),
(270, 206, '388845092296851458', 1, 2, '2025-09-11 18:39:59', NULL, NULL),
(271, 195, '300903973769052161', 1, 2, '2025-09-11 18:50:54', NULL, NULL),
(272, 178, '816672274463195168', 1, 2, '2025-09-11 18:54:47', '2025-09-12 14:59:29', 'matched'),
(273, 203, '926063077965828096', 1, 2, '2025-09-11 18:59:15', NULL, NULL),
(274, 206, '388845092296851458', 1, 2, '2025-09-11 19:00:32', NULL, NULL),
(275, 195, '300903973769052161', 1, 2, '2025-09-11 19:17:00', NULL, NULL),
(276, 178, '816672274463195168', 1, 2, '2025-09-11 19:17:17', '2025-09-11 18:17:22', 'cancelled'),
(277, 203, '926063077965828096', 1, 2, '2025-09-11 19:18:18', '2025-09-11 19:47:28', 'matched'),
(278, 206, '388845092296851458', 1, 2, '2025-09-11 19:25:49', '2025-09-11 18:38:08', 'cancelled'),
(279, 206, '388845092296851458', 1, 2, '2025-09-11 19:38:24', NULL, NULL),
(280, 195, '300903973769052161', 1, 2, '2025-09-11 19:38:58', '2025-09-11 19:23:48', 'matched'),
(281, 203, '926063077965828096', 1, 2, '2025-09-11 20:19:43', '2025-09-11 19:21:22', 'cancelled'),
(282, 202, '1026780140023332884', 1, 2, '2025-09-11 20:23:30', '2025-09-11 19:23:48', 'matched'),
(283, 203, '926063077965828096', 1, 2, '2025-09-11 20:23:38', '2025-09-11 19:23:47', 'matched'),
(284, 178, '816672274463195168', 1, 2, '2025-09-11 20:23:47', '2025-09-11 19:23:48', 'matched'),
(285, 177, '372850478989443072', 1, 2, '2025-09-11 20:23:49', '2025-09-11 19:27:29', 'matched'),
(286, 213, '883413355266719794', 1, 2, '2025-09-11 20:24:03', NULL, NULL),
(287, 233, '928808067443851285', 1, 2, '2025-09-11 20:24:05', '2025-09-11 19:24:40', 'matched'),
(288, 54, '296029182268538881', 1, 2, '2025-09-11 20:27:23', NULL, NULL),
(289, 197, '336180685947797504', 1, 2, '2025-09-11 20:27:37', NULL, NULL),
(290, 180, '380011277457686538', 1, 2, '2025-09-11 20:39:09', NULL, NULL),
(291, 5, '627539879345258527', 1, 2, '2025-09-11 20:46:37', '2025-09-11 19:47:29', 'matched'),
(292, 199, '1030850337885667359', 1, 2, '2025-09-11 20:50:07', '2025-09-11 19:50:39', 'matched'),
(293, 54, '296029182268538881', 1, 2, '2025-09-11 20:50:28', '2025-09-11 19:50:32', 'matched'),
(294, 213, '883413355266719794', 1, 2, '2025-09-11 20:50:34', NULL, NULL),
(295, 202, '1026780140023332884', 1, 2, '2025-09-11 20:50:49', NULL, NULL),
(296, 178, '816672274463195168', 1, 2, '2025-09-11 20:50:58', '2025-09-11 19:51:17', 'matched'),
(297, 209, '1217155451905376296', 1, 2, '2025-09-11 20:52:06', NULL, NULL),
(298, 195, '300903973769052161', 1, 2, '2025-09-11 20:53:54', NULL, NULL),
(299, 180, '380011277457686538', 1, 2, '2025-09-11 21:06:52', NULL, NULL),
(300, 197, '336180685947797504', 1, 2, '2025-09-11 21:07:01', '2025-09-11 20:10:11', 'cancelled'),
(301, 199, '1030850337885667359', 1, 2, '2025-09-11 21:22:52', NULL, NULL),
(302, 178, '816672274463195168', 1, 2, '2025-09-11 21:23:50', '2025-09-12 13:31:21', 'matched'),
(303, 213, '883413355266719794', 1, 2, '2025-09-11 21:29:16', '2025-09-11 20:29:55', 'matched'),
(304, 195, '300903973769052161', 1, 2, '2025-09-11 21:34:38', NULL, NULL),
(305, 206, '388845092296851458', 1, 2, '2025-09-11 21:38:34', '2025-09-12 12:59:14', 'matched'),
(306, 5, '627539879345258527', 1, 2, '2025-09-11 21:51:20', '2025-09-11 20:56:08', 'cancelled'),
(307, 195, '300903973769052161', 1, 2, '2025-09-11 22:11:44', '2025-09-11 21:19:59', 'cancelled'),
(308, 178, '816672274463195168', 1, 2, '2025-09-11 22:20:00', '2025-09-11 21:20:57', 'cancelled'),
(309, 197, '336180685947797504', 1, 2, '2025-09-11 23:07:41', '2025-09-11 22:08:33', 'cancelled'),
(310, 213, '883413355266719794', 1, 2, '2025-09-12 13:47:59', '2025-09-12 12:49:57', 'cancelled'),
(311, 213, '883413355266719794', 1, 2, '2025-09-12 13:54:09', '2025-09-12 12:59:14', 'matched'),
(312, 213, '883413355266719794', 1, 2, '2025-09-12 14:23:02', '2025-09-12 13:31:22', 'matched'),
(313, 206, '388845092296851458', 1, 2, '2025-09-12 14:32:03', '2025-09-12 13:33:01', 'cancelled'),
(314, 213, '883413355266719794', 1, 2, '2025-09-12 14:49:24', NULL, NULL),
(315, 178, '816672274463195168', 1, 2, '2025-09-12 14:50:37', '2025-09-12 14:12:01', 'matched'),
(316, 179, '435856944947789835', 1, 2, '2025-09-12 15:03:59', '2025-09-12 14:12:01', 'matched'),
(317, 213, '883413355266719794', 1, 2, '2025-09-12 15:12:03', '2025-09-12 14:26:44', 'cancelled'),
(318, 179, '435856944947789835', 1, 2, '2025-09-12 15:32:17', '2025-09-12 14:33:18', 'cancelled'),
(319, 178, '816672274463195168', 1, 2, '2025-09-12 15:34:14', '2025-09-12 14:36:16', 'matched'),
(320, 213, '883413355266719794', 1, 2, '2025-09-12 15:49:47', NULL, NULL),
(321, 208, '1046930183501922375', 1, 2, '2025-09-12 15:58:20', NULL, NULL),
(322, 179, '435856944947789835', 1, 2, '2025-09-12 15:58:43', '2025-09-12 14:59:29', 'matched'),
(323, 213, '883413355266719794', 1, 2, '2025-09-12 16:16:19', '2025-09-15 13:47:44', 'matched'),
(324, 208, '1046930183501922375', 1, 2, '2025-09-12 16:17:58', NULL, NULL),
(325, 179, '435856944947789835', 1, 2, '2025-09-12 16:21:22', '2025-09-12 15:26:04', 'cancelled'),
(326, 178, '816672274463195168', 1, 2, '2025-09-12 16:23:05', '2025-09-12 15:24:13', 'cancelled'),
(327, 213, '883413355266719794', 1, 2, '2025-09-12 16:40:40', '2025-09-15 12:51:52', 'matched'),
(328, 178, '816672274463195168', 1, 2, '2025-09-12 16:42:24', NULL, NULL),
(329, 206, '388845092296851458', 1, 2, '2025-09-12 16:49:54', NULL, NULL),
(330, 208, '1046930183501922375', 1, 2, '2025-09-12 16:50:18', NULL, NULL),
(331, 208, '1046930183501922375', 1, 2, '2025-09-12 17:14:33', '2025-09-12 16:15:50', 'cancelled'),
(332, 206, '388845092296851458', 1, 2, '2025-09-12 17:16:56', NULL, NULL),
(333, 214, '448578046694260736', 1, 2, '2025-09-12 17:17:48', NULL, NULL),
(334, 208, '1046930183501922375', 1, 2, '2025-09-12 17:28:29', '2025-09-12 16:29:26', 'cancelled'),
(335, 178, '816672274463195168', 1, 2, '2025-09-12 17:29:08', NULL, NULL),
(336, 208, '1046930183501922375', 1, 2, '2025-09-12 17:34:03', NULL, NULL),
(337, 206, '388845092296851458', 1, 2, '2025-09-12 17:41:08', NULL, NULL),
(338, 236, '358756855566172161', 1, 2, '2025-09-12 17:44:32', NULL, NULL),
(339, 214, '448578046694260736', 1, 2, '2025-09-12 17:52:56', NULL, NULL),
(340, 178, '816672274463195168', 1, 2, '2025-09-12 17:55:18', NULL, NULL),
(341, 206, '388845092296851458', 1, 2, '2025-09-12 18:08:06', NULL, NULL),
(342, 236, '358756855566172161', 1, 2, '2025-09-12 18:10:29', NULL, NULL),
(343, 178, '816672274463195168', 1, 2, '2025-09-12 18:29:56', NULL, NULL),
(344, 202, '1026780140023332884', 1, 2, '2025-09-12 18:30:42', NULL, NULL),
(345, 178, '816672274463195168', 1, 2, '2025-09-12 18:56:34', '2025-09-12 17:57:01', 'cancelled'),
(346, 178, '816672274463195168', 1, 2, '2025-09-12 19:03:50', '2025-09-12 18:13:58', 'cancelled'),
(347, 203, '926063077965828096', 1, 2, '2025-09-12 21:26:08', '2025-09-12 20:43:02', 'cancelled'),
(348, 197, '336180685947797504', 1, 2, '2025-09-12 23:59:25', '2025-09-12 23:59:29', 'cancelled'),
(349, 178, '816672274463195168', 1, 2, '2025-09-13 00:55:41', '2025-09-12 23:55:47', 'cancelled'),
(350, 5, '627539879345258527', 1, 2, '2025-09-13 14:34:16', '2025-09-13 13:36:24', 'cancelled'),
(351, 199, '1030850337885667359', 1, 2, '2025-09-13 19:40:07', NULL, NULL),
(352, 178, '816672274463195168', 1, 2, '2025-09-13 19:40:15', NULL, NULL),
(353, 199, '1030850337885667359', 1, 2, '2025-09-13 20:22:15', NULL, NULL),
(354, 178, '816672274463195168', 1, 2, '2025-09-13 20:22:57', NULL, NULL),
(355, 199, '1030850337885667359', 1, 2, '2025-09-13 20:45:32', NULL, NULL),
(356, 178, '816672274463195168', 1, 2, '2025-09-13 20:45:40', '2025-09-15 13:20:27', 'matched'),
(357, 195, '300903973769052161', 1, 2, '2025-09-13 21:00:31', NULL, NULL),
(358, 197, '336180685947797504', 1, 2, '2025-09-13 21:04:55', '2025-09-14 16:17:28', 'matched'),
(359, 195, '300903973769052161', 1, 2, '2025-09-13 21:29:52', '2025-09-13 20:31:12', 'cancelled'),
(360, 197, '336180685947797504', 1, 2, '2025-09-13 21:30:10', '2025-09-13 20:32:21', 'cancelled'),
(361, 195, '300903973769052161', 1, 2, '2025-09-13 21:40:25', '2025-09-13 20:47:34', 'cancelled'),
(362, 199, '1030850337885667359', 1, 2, '2025-09-13 22:50:00', '2025-09-13 21:50:07', 'cancelled'),
(363, 197, '336180685947797504', 1, 2, '2025-09-13 23:42:21', '2025-09-13 22:42:30', 'cancelled'),
(364, 195, '300903973769052161', 1, 2, '2025-09-14 14:39:44', '2025-09-14 13:54:50', 'cancelled'),
(365, 212, '786020577516584970', 1, 2, '2025-09-14 16:19:26', '2025-09-14 15:24:01', 'cancelled'),
(366, 206, '388845092296851458', 1, 2, '2025-09-14 16:51:53', '2025-09-14 16:17:28', 'matched'),
(367, 206, '388845092296851458', 1, 2, '2025-09-14 17:39:14', NULL, NULL),
(368, 233, '928808067443851285', 1, 2, '2025-09-14 17:53:34', NULL, NULL),
(369, 197, '336180685947797504', 1, 2, '2025-09-14 18:59:21', NULL, NULL),
(370, 212, '786020577516584970', 1, 2, '2025-09-14 19:07:31', NULL, NULL),
(371, 212, '786020577516584970', 1, 2, '2025-09-14 19:28:05', '2025-09-14 18:47:48', 'cancelled'),
(372, 5, '627539879345258527', 1, 2, '2025-09-14 21:43:50', NULL, NULL),
(373, 203, '926063077965828096', 1, 2, '2025-09-14 21:52:51', NULL, NULL),
(374, 268, '215494658413953025', 1, 2, '2025-09-14 22:14:12', NULL, NULL),
(375, 5, '627539879345258527', 1, 2, '2025-09-14 22:18:01', '2025-09-14 21:53:49', 'matched'),
(376, 180, '380011277457686538', 1, 2, '2025-09-14 22:19:40', '2025-09-14 21:51:21', 'matched'),
(377, 197, '336180685947797504', 1, 2, '2025-09-14 22:25:05', NULL, NULL),
(378, 5, '627539879345258527', 1, 2, '2025-09-14 22:46:05', '2025-09-14 21:51:21', 'matched'),
(379, 268, '215494658413953025', 1, 2, '2025-09-14 22:46:10', NULL, NULL),
(380, 197, '336180685947797504', 1, 2, '2025-09-14 22:52:05', NULL, NULL),
(381, 180, '380011277457686538', 1, 2, '2025-09-14 22:53:22', '2025-09-14 21:53:50', 'matched'),
(382, 268, '215494658413953025', 1, 2, '2025-09-14 22:53:36', NULL, NULL),
(383, 180, '380011277457686538', 1, 2, '2025-09-14 23:13:42', NULL, NULL),
(384, 268, '215494658413953025', 1, 2, '2025-09-14 23:15:55', '2025-09-14 22:20:33', 'cancelled'),
(385, 197, '336180685947797504', 1, 2, '2025-09-14 23:16:49', NULL, NULL),
(386, 214, '448578046694260736', 1, 2, '2025-09-15 11:17:00', '2025-09-15 10:17:56', 'cancelled'),
(387, 178, '816672274463195168', 1, 2, '2025-09-15 13:50:46', '2025-09-15 12:51:53', 'matched'),
(388, 213, '883413355266719794', 1, 2, '2025-09-15 14:19:54', '2025-09-15 13:20:27', 'matched'),
(389, 178, '816672274463195168', 1, 2, '2025-09-15 14:47:20', '2025-09-15 13:47:44', 'matched'),
(390, 214, '448578046694260736', 1, 2, '2025-09-15 15:48:39', NULL, NULL),
(391, 206, '388845092296851458', 1, 2, '2025-09-15 15:53:52', NULL, NULL),
(392, 214, '448578046694260736', 1, 2, '2025-09-15 16:16:55', NULL, NULL),
(393, 206, '388845092296851458', 1, 2, '2025-09-15 16:17:16', NULL, NULL),
(394, 214, '448578046694260736', 1, 2, '2025-09-15 16:42:28', NULL, NULL),
(395, 180, '380011277457686538', 1, 2, '2025-09-15 17:29:00', NULL, NULL),
(396, 180, '380011277457686538', 1, 2, '2025-09-15 17:53:47', '2025-09-16 19:55:15', 'matched'),
(397, 214, '448578046694260736', 1, 2, '2025-09-15 17:54:25', NULL, NULL),
(398, 5, '627539879345258527', 1, 2, '2025-09-15 19:18:30', '2025-09-15 18:30:33', 'cancelled'),
(399, 202, '1026780140023332884', 1, 2, '2025-09-15 21:54:21', '2025-09-15 20:57:20', 'cancelled'),
(400, 197, '336180685947797504', 1, 2, '2025-09-15 22:18:39', NULL, NULL),
(401, 202, '1026780140023332884', 1, 2, '2025-09-15 22:42:55', NULL, NULL),
(402, 197, '336180685947797504', 1, 2, '2025-09-15 23:14:00', NULL, NULL),
(403, 268, '215494658413953025', 1, 2, '2025-09-15 23:22:50', NULL, NULL),
(404, 197, '336180685947797504', 1, 2, '2025-09-15 23:47:22', NULL, NULL),
(405, 268, '215494658413953025', 1, 2, '2025-09-15 23:48:40', NULL, NULL),
(406, 213, '883413355266719794', 1, 2, '2025-09-16 13:44:49', NULL, NULL),
(407, 179, '435856944947789835', 1, 2, '2025-09-16 14:32:33', NULL, NULL),
(408, 179, '435856944947789835', 1, 2, '2025-09-16 14:53:52', '2025-09-16 14:04:32', 'cancelled'),
(409, 214, '448578046694260736', 1, 2, '2025-09-16 15:27:05', NULL, NULL),
(410, 206, '388845092296851458', 1, 2, '2025-09-16 15:31:37', NULL, NULL),
(411, 214, '448578046694260736', 1, 2, '2025-09-16 15:53:25', NULL, NULL),
(412, 206, '388845092296851458', 1, 2, '2025-09-16 15:54:26', NULL, NULL),
(413, 214, '448578046694260736', 1, 2, '2025-09-16 16:25:53', NULL, NULL),
(414, 206, '388845092296851458', 1, 2, '2025-09-16 16:26:00', NULL, NULL),
(415, 180, '380011277457686538', 1, 2, '2025-09-16 17:38:04', '2025-09-16 18:47:51', 'matched'),
(416, 212, '786020577516584970', 1, 2, '2025-09-16 18:04:06', NULL, NULL),
(417, 180, '380011277457686538', 1, 2, '2025-09-16 18:27:25', '2025-09-16 17:38:09', 'cancelled'),
(418, 213, '883413355266719794', 1, 2, '2025-09-16 19:21:45', '2025-09-16 18:47:51', 'matched'),
(419, 179, '435856944947789835', 1, 2, '2025-09-16 19:51:14', NULL, NULL),
(420, 213, '883413355266719794', 1, 2, '2025-09-16 20:09:32', '2025-09-17 18:03:33', 'matched'),
(421, 179, '435856944947789835', 1, 2, '2025-09-16 20:28:55', '2025-09-16 19:29:31', 'cancelled'),
(422, 213, '883413355266719794', 1, 2, '2025-09-16 20:29:02', '2025-09-16 19:55:15', 'matched'),
(423, 180, '380011277457686538', 1, 2, '2025-09-16 21:18:39', '2025-09-16 20:54:55', 'cancelled'),
(424, 214, '448578046694260736', 1, 2, '2025-09-16 22:06:43', NULL, NULL),
(425, 180, '380011277457686538', 1, 2, '2025-09-16 22:07:01', NULL, NULL),
(426, 197, '336180685947797504', 1, 2, '2025-09-16 22:19:50', '2025-09-16 21:38:51', 'cancelled'),
(427, 180, '380011277457686538', 1, 2, '2025-09-16 22:42:11', NULL, NULL),
(428, 214, '448578046694260736', 1, 2, '2025-09-16 22:42:30', NULL, NULL),
(429, 180, '380011277457686538', 1, 2, '2025-09-16 23:03:28', NULL, NULL),
(430, 214, '448578046694260736', 1, 2, '2025-09-16 23:03:49', '2025-09-16 22:08:27', 'cancelled'),
(431, 197, '336180685947797504', 1, 2, '2025-09-16 23:03:51', NULL, NULL),
(432, 197, '336180685947797504', 1, 2, '2025-09-16 23:22:43', '2025-09-16 23:39:13', 'cancelled'),
(433, 180, '380011277457686538', 1, 2, '2025-09-17 17:49:14', '2025-09-17 18:21:48', 'cancelled'),
(434, 212, '786020577516584970', 1, 2, '2025-09-17 17:49:18', NULL, NULL),
(435, 180, '380011277457686538', 1, 2, '2025-09-17 18:17:21', '2025-09-17 18:03:33', 'matched'),
(436, 5, '627539879345258527', 1, 2, '2025-09-17 19:20:21', NULL, NULL),
(437, 54, '296029182268538881', 1, 2, '2025-09-17 19:20:28', NULL, NULL),
(438, 5, '627539879345258527', 1, 2, '2025-09-17 19:48:18', NULL, NULL),
(439, 202, '1026780140023332884', 1, 2, '2025-09-17 19:48:19', '2025-09-17 18:54:27', 'cancelled'),
(440, 180, '380011277457686538', 1, 2, '2025-09-17 19:51:36', NULL, NULL),
(441, 180, '380011277457686538', 1, 2, '2025-09-17 20:17:32', '2025-09-17 19:20:14', 'cancelled'),
(442, 202, '1026780140023332884', 1, 2, '2025-09-17 20:19:14', NULL, NULL),
(443, 197, '336180685947797504', 1, 2, '2025-09-17 20:22:52', NULL, NULL),
(444, 197, '336180685947797504', 1, 2, '2025-09-17 20:45:02', '2025-09-17 19:52:41', 'cancelled'),
(445, 197, '336180685947797504', 1, 2, '2025-09-17 22:12:31', '2025-09-17 22:40:36', 'cancelled'),
(446, 1, '281087422056497163', 1, 1, '2025-12-03 16:22:43', '2025-12-03 16:22:55', 'cancelled'),
(447, 1, '281087422056497163', 1, 1, '2025-12-03 16:50:14', '2025-12-03 16:50:33', 'cancelled'),
(448, 1, '281087422056497163', 1, 1, '2026-01-27 16:50:27', '2026-01-27 16:50:40', 'cancelled');

-- --------------------------------------------------------

--
-- Table structure for table `ladder_registrations`
--

CREATE TABLE `ladder_registrations` (
  `id` int NOT NULL,
  `user_id` int NOT NULL,
  `ladder_id` bigint NOT NULL,
  `registered_at` timestamp NULL DEFAULT CURRENT_TIMESTAMP,
  `status` enum('active','withdrawn') DEFAULT 'active'
) ENGINE=InnoDB DEFAULT CHARSET=utf8mb4 COLLATE=utf8mb4_0900_ai_ci;

--
-- Dumping data for table `ladder_registrations`
--

INSERT INTO `ladder_registrations` (`id`, `user_id`, `ladder_id`, `registered_at`, `status`) VALUES
(1, 1, 2, '2025-09-04 01:57:27', 'active'),
(2, 195, 2, '2025-09-04 05:37:16', 'active'),
(3, 197, 2, '2025-09-04 06:52:49', 'active'),
(4, 199, 2, '2025-09-04 09:17:19', 'active'),
(5, 200, 2, '2025-09-04 09:28:44', 'active'),
(6, 202, 2, '2025-09-04 10:18:17', 'active'),
(7, 203, 2, '2025-09-04 10:38:46', 'active'),
(8, 206, 2, '2025-09-04 10:56:48', 'active'),
(9, 208, 2, '2025-09-04 11:03:38', 'active'),
(10, 209, 2, '2025-09-04 11:05:19', 'active'),
(11, 54, 2, '2025-09-04 11:31:21', 'active'),
(12, 212, 2, '2025-09-04 12:08:53', 'active'),
(13, 213, 2, '2025-09-04 12:13:32', 'active'),
(14, 214, 2, '2025-09-04 12:18:11', 'active'),
(15, 178, 2, '2025-09-04 13:21:18', 'active'),
(16, 1, 1, '2025-09-04 13:57:29', 'active'),
(17, 179, 2, '2025-09-04 14:16:47', 'active'),
(18, 222, 2, '2025-09-04 15:09:09', 'active'),
(19, 177, 2, '2025-09-04 15:47:24', 'active'),
(20, 180, 2, '2025-09-04 16:07:18', 'active'),
(21, 230, 2, '2025-09-04 16:56:12', 'active'),
(22, 231, 2, '2025-09-04 17:17:11', 'active'),
(23, 5, 2, '2025-09-04 18:47:31', 'active'),
(24, 233, 2, '2025-09-04 19:51:32', 'active'),
(25, 236, 2, '2025-09-04 20:17:03', 'active'),
(26, 256, 2, '2025-09-05 08:41:02', 'active'),
(27, 268, 2, '2025-09-05 22:19:26', 'active'),
(28, 282, 2, '2025-09-12 11:52:17', 'active');

-- --------------------------------------------------------

--
-- Table structure for table `lessons`
--

CREATE TABLE `lessons` (
  `id` int NOT NULL,
  `title` varchar(255) NOT NULL,
  `description` text,
  `professor_id` int NOT NULL,
  `discord_channel_id` varchar(50) DEFAULT NULL,
  `discord_message_id` varchar(50) DEFAULT NULL,
  `date_time` datetime NOT NULL
) ENGINE=InnoDB DEFAULT CHARSET=utf8mb4 COLLATE=utf8mb4_0900_ai_ci;

-- --------------------------------------------------------

--
-- Table structure for table `lesson_materials`
--

CREATE TABLE `lesson_materials` (
  `id` int NOT NULL,
  `lesson_id` int NOT NULL,
  `type` enum('pdf','link','video','image') NOT NULL,
  `url` varchar(255) NOT NULL
) ENGINE=InnoDB DEFAULT CHARSET=utf8mb4 COLLATE=utf8mb4_0900_ai_ci;

-- --------------------------------------------------------

--
-- Table structure for table `seasons`
--

CREATE TABLE `seasons` (
  `id` int NOT NULL,
  `name` varchar(100) NOT NULL,
  `type` enum('ladder','cup') NOT NULL,
  `start_date` date DEFAULT NULL,
  `end_date` date DEFAULT NULL,
  `is_active` tinyint(1) DEFAULT '1'
) ENGINE=InnoDB DEFAULT CHARSET=utf8mb4 COLLATE=utf8mb4_0900_ai_ci;

--
-- Dumping data for table `seasons`
--

INSERT INTO `seasons` (`id`, `name`, `type`, `start_date`, `end_date`, `is_active`) VALUES
(1, 'AXXE Ladder Default', 'ladder', '2025-08-02', NULL, 1);

-- --------------------------------------------------------

--
-- Table structure for table `subscriptions`
--

CREATE TABLE `subscriptions` (
  `id` int NOT NULL,
  `user_id` int NOT NULL,
  `tier` enum('Free','Silver','Gold','Icon') NOT NULL,
  `start_date` date NOT NULL,
  `end_date` date NOT NULL,
  `status` enum('active','expired','cancelled') DEFAULT 'active'
) ENGINE=InnoDB DEFAULT CHARSET=utf8mb4 COLLATE=utf8mb4_0900_ai_ci;

-- --------------------------------------------------------

--
-- Table structure for table `subscription_audit_log`
--

CREATE TABLE `subscription_audit_log` (
  `id` int NOT NULL,
  `user_id` int NOT NULL,
  `action` enum('created','updated','expired') NOT NULL,
  `tier` varchar(16) NOT NULL,
  `start_date` date NOT NULL,
  `end_date` date NOT NULL,
  `status` varchar(16) NOT NULL,
  `source` varchar(32) NOT NULL,
  `performed_by` varchar(64) DEFAULT NULL,
  `created_at` timestamp NULL DEFAULT CURRENT_TIMESTAMP
) ENGINE=InnoDB DEFAULT CHARSET=utf8mb4 COLLATE=utf8mb4_0900_ai_ci;

-- --------------------------------------------------------

--
-- Table structure for table `users`
--

CREATE TABLE `users` (
  `id` int NOT NULL,
  `discord_id` varchar(50) NOT NULL,
  `username` varchar(100) DEFAULT NULL,
  `avatar_url` varchar(255) DEFAULT NULL,
  `is_in_server` tinyint(1) DEFAULT '1',
  `platform` enum('PlayStation','Xbox','PC') DEFAULT 'PlayStation',
  `gamertag` varchar(50) DEFAULT NULL,
  `created_at` timestamp NULL DEFAULT CURRENT_TIMESTAMP,
  `last_elo_change` timestamp NULL DEFAULT NULL,
  `email` varchar(100) DEFAULT NULL,
  `role` enum('player','professor','admin') DEFAULT 'player',
  `subscription_tier` enum('Free','Silver','Gold','Icon') DEFAULT 'Free',
  `language` varchar(5) NOT NULL DEFAULT 'pt-PT'
) ENGINE=InnoDB DEFAULT CHARSET=utf8mb4 COLLATE=utf8mb4_0900_ai_ci;

--
-- Dumping data for table `users`
--

INSERT INTO `users` (`id`, `discord_id`, `username`, `avatar_url`, `is_in_server`, `platform`, `gamertag`, `created_at`, `last_elo_change`, `email`, `role`, `subscription_tier`, `language`) VALUES
(1, '281087422056497163', 'jocaccarvalho#0', 'https://cdn.discordapp.com/avatars/281087422056497163/a155bf5e9b57c856f08e59c3ca010dd8.png', 1, 'PlayStation', 'JocaCCarvalho', '2025-07-18 09:38:41', NULL, NULL, 'player', 'Free', 'en-EN'),
(3, '1123387377881186475', 'AXXE BOT#5879', NULL, 1, 'PlayStation', NULL, '2025-07-18 10:57:48', NULL, NULL, 'player', 'Free', 'pt-PT'),
(5, '627539879345258527', 'b_twenty1#0', 'https://cdn.discordapp.com/avatars/627539879345258527/02022a75c7b98d6f6dfd1fd1f7f2f9e3.png', 1, 'PlayStation', 'b_twenty1', '2025-07-18 12:02:18', NULL, NULL, 'player', 'Free', 'pt-PT'),
(6, '132912003143434240', 'luismgloureiro', 'https://cdn.discordapp.com/avatars/132912003143434240/ecd87aaa4d980b4713df72ea638df523.png', 1, 'PlayStation', 'xM4RR3C0', '2025-07-18 12:28:30', NULL, NULL, 'player', 'Free', 'pt-PT'),
(27, '400074566451331072', 'insert0868#0', 'https://cdn.discordapp.com/avatars/400074566451331072/ebb9ca7edb00128e566211fbcf625e99.png', 1, 'PlayStation', NULL, '2025-07-24 14:11:21', NULL, NULL, 'player', 'Free', 'pt-PT'),
(29, 'dummy_68574', 'DummyUser#6537', NULL, 0, 'PlayStation', NULL, '2025-07-27 00:13:03', NULL, NULL, 'player', 'Free', 'pt-PT'),
(31, 'dummy_18372', 'DummyUser#5069', NULL, 0, 'PlayStation', NULL, '2025-07-27 00:23:00', NULL, NULL, 'player', 'Free', 'pt-PT'),
(32, 'dummy_67984', 'DummyUser#4662', NULL, 0, 'PlayStation', NULL, '2025-07-27 00:51:40', NULL, NULL, 'player', 'Free', 'pt-PT'),
(33, 'dummy_76421', 'DummyUser#6552', NULL, 0, 'PlayStation', NULL, '2025-07-27 00:59:31', NULL, NULL, 'player', 'Free', 'pt-PT'),
(34, 'dummy_35693', 'DummyUser#2901', NULL, 0, 'PlayStation', NULL, '2025-07-27 10:54:58', NULL, NULL, 'player', 'Free', 'pt-PT'),
(35, 'dummy_17596', 'DummyUser#8818', NULL, 0, 'PlayStation', NULL, '2025-07-27 14:28:45', NULL, NULL, 'player', 'Free', 'pt-PT'),
(36, 'dummy_17722', 'DummyUser#9157', NULL, 0, 'PlayStation', NULL, '2025-07-27 14:58:10', NULL, NULL, 'player', 'Free', 'pt-PT'),
(37, 'dummy_69665', 'DummyUser#7167', NULL, 0, 'PlayStation', NULL, '2025-07-27 15:08:28', NULL, NULL, 'player', 'Free', 'pt-PT'),
(38, 'dummy_8649', 'DummyUser#3854', NULL, 0, 'PlayStation', NULL, '2025-07-27 15:29:17', NULL, NULL, 'player', 'Free', 'pt-PT'),
(39, 'dummy_42373', 'DummyUser#1973', NULL, 0, 'PlayStation', NULL, '2025-07-27 15:34:18', NULL, NULL, 'player', 'Free', 'pt-PT'),
(40, 'dummy_15109', 'DummyUser#1292', NULL, 0, 'PlayStation', NULL, '2025-07-27 15:35:49', NULL, NULL, 'player', 'Free', 'pt-PT'),
(41, 'dummy_27401', 'DummyUser#9435', NULL, 0, 'PlayStation', NULL, '2025-07-27 15:40:42', NULL, NULL, 'player', 'Free', 'pt-PT'),
(42, 'dummy_45996', 'DummyUser#3566', NULL, 0, 'PlayStation', NULL, '2025-07-27 15:45:31', NULL, NULL, 'player', 'Free', 'pt-PT'),
(43, 'dummy_45777', 'DummyUser#7130', NULL, 0, 'PlayStation', NULL, '2025-07-27 15:49:59', NULL, NULL, 'player', 'Free', 'pt-PT'),
(44, 'dummy_82397', 'DummyUser#1627', NULL, 0, 'PlayStation', NULL, '2025-07-28 19:07:59', NULL, NULL, 'player', 'Free', 'pt-PT'),
(45, 'dummy_25173', 'DummyUser#8397', NULL, 0, 'PlayStation', NULL, '2025-07-28 19:14:16', NULL, NULL, 'player', 'Free', 'pt-PT'),
(46, 'dummy_12448', 'DummyUser#2682', NULL, 0, 'PlayStation', NULL, '2025-07-28 21:39:17', NULL, NULL, 'player', 'Free', 'pt-PT'),
(47, 'dummy_49715', 'DummyUser#8951', NULL, 0, 'PlayStation', NULL, '2025-07-28 21:46:05', NULL, NULL, 'player', 'Free', 'pt-PT'),
(48, 'dummy_67568', 'DummyUser#1402', NULL, 0, 'PlayStation', NULL, '2025-07-28 21:58:48', NULL, NULL, 'player', 'Free', 'pt-PT'),
(49, 'dummy_27355', 'DummyUser#1015', NULL, 0, 'PlayStation', NULL, '2025-07-28 21:59:26', NULL, NULL, 'player', 'Free', 'pt-PT'),
(50, 'dummy_21099', 'DummyUser#9654', NULL, 0, 'PlayStation', NULL, '2025-07-28 22:01:59', NULL, NULL, 'player', 'Free', 'pt-PT'),
(51, 'dummy_69310', 'DummyUser#5300', NULL, 0, 'PlayStation', NULL, '2025-07-28 22:02:19', NULL, NULL, 'player', 'Free', 'pt-PT'),
(54, '296029182268538881', 'roquedybala#0', 'https://cdn.discordapp.com/avatars/296029182268538881/66a594937fe8dd764cba3c2e07e79e31.png', 1, 'PlayStation', 'roquedybala_93', '2025-07-28 22:57:15', NULL, NULL, 'player', 'Free', 'pt-PT'),
(55, 'dummy_31291', 'DummyUser#1092', NULL, 0, 'PlayStation', NULL, '2025-07-28 22:59:47', NULL, NULL, 'player', 'Free', 'pt-PT'),
(64, 'dummy_95236', 'DummyUser#7854', NULL, 0, 'PlayStation', NULL, '2025-07-29 09:27:03', NULL, NULL, 'player', 'Free', 'pt-PT'),
(75, 'dummy_60642', 'DummyUser#5356', NULL, 0, 'PlayStation', NULL, '2025-08-15 02:25:37', NULL, NULL, 'player', 'Free', 'pt-PT'),
(76, 'dummy_40495', 'DummyUser#3758', NULL, 0, 'PlayStation', NULL, '2025-08-15 02:27:14', NULL, NULL, 'player', 'Free', 'pt-PT'),
(77, 'dummy_57861', 'DummyUser#1024', NULL, 0, 'PlayStation', NULL, '2025-08-16 01:13:10', NULL, NULL, 'player', 'Free', 'pt-PT'),
(78, 'dummy_50207', 'DummyUser#7076', NULL, 0, 'PlayStation', NULL, '2025-08-16 01:13:22', NULL, NULL, 'player', 'Free', 'pt-PT'),
(79, 'dummy_56391', 'DummyUser#9049', NULL, 0, 'PlayStation', NULL, '2025-08-16 01:41:52', NULL, NULL, 'player', 'Free', 'pt-PT'),
(80, 'dummy_56486', 'DummyUser#3749', NULL, 0, 'PlayStation', NULL, '2025-08-16 01:44:54', NULL, NULL, 'player', 'Free', 'pt-PT'),
(81, 'dummy_57769', 'DummyUser#5696', NULL, 0, 'PlayStation', NULL, '2025-08-16 01:47:10', NULL, NULL, 'player', 'Free', 'pt-PT'),
(82, 'dummy_52591', 'DummyUser#2367', NULL, 0, 'PlayStation', NULL, '2025-08-16 01:57:00', NULL, NULL, 'player', 'Free', 'pt-PT'),
(83, 'dummy_41552', 'DummyUser#8013', NULL, 0, 'PlayStation', NULL, '2025-08-16 02:15:09', NULL, NULL, 'player', 'Free', 'pt-PT'),
(84, 'dummy_38485', 'DummyUser#8361', NULL, 0, 'PlayStation', NULL, '2025-08-16 02:21:12', NULL, NULL, 'player', 'Free', 'pt-PT'),
(85, 'dummy_23603', 'DummyUser#8756', NULL, 0, 'PlayStation', NULL, '2025-08-16 02:22:59', NULL, NULL, 'player', 'Free', 'pt-PT'),
(86, 'dummy_80107', 'DummyUser#2075', NULL, 0, 'PlayStation', NULL, '2025-08-16 02:28:50', NULL, NULL, 'player', 'Free', 'pt-PT'),
(87, 'dummy_67908', 'DummyUser#6898', NULL, 0, 'PlayStation', NULL, '2025-08-16 02:34:19', NULL, NULL, 'player', 'Free', 'pt-PT'),
(88, 'dummy_83938', 'DummyUser#2102', NULL, 0, 'PlayStation', NULL, '2025-08-16 02:40:21', NULL, NULL, 'player', 'Free', 'pt-PT'),
(89, 'dummy_26161', 'DummyUser#3115', NULL, 0, 'PlayStation', NULL, '2025-08-16 02:41:34', NULL, NULL, 'player', 'Free', 'pt-PT'),
(90, 'dummy_78244', 'DummyUser#8925', NULL, 0, 'PlayStation', NULL, '2025-08-16 02:49:27', NULL, NULL, 'player', 'Free', 'pt-PT'),
(91, 'dummy_33009', 'DummyUser#1670', NULL, 0, 'PlayStation', NULL, '2025-08-16 03:04:27', NULL, NULL, 'player', 'Free', 'pt-PT'),
(92, 'dummy_83955', 'DummyUser#8289', NULL, 0, 'PlayStation', NULL, '2025-08-16 03:06:48', NULL, NULL, 'player', 'Free', 'pt-PT'),
(93, 'dummy_25404', 'DummyUser#2475', NULL, 0, 'PlayStation', NULL, '2025-08-16 03:08:45', NULL, NULL, 'player', 'Free', 'pt-PT'),
(94, 'dummy_17382', 'DummyUser#9715', NULL, 0, 'PlayStation', NULL, '2025-08-16 03:20:53', NULL, NULL, 'player', 'Free', 'pt-PT'),
(95, 'dummy_33713', 'DummyUser#7080', NULL, 0, 'PlayStation', NULL, '2025-08-16 03:33:39', NULL, NULL, 'player', 'Free', 'pt-PT'),
(96, 'dummy_78872', 'DummyUser#5562', NULL, 0, 'PlayStation', NULL, '2025-08-16 03:38:20', NULL, NULL, 'player', 'Free', 'pt-PT'),
(97, 'dummy_86242', 'DummyUser#5835', NULL, 0, 'PlayStation', NULL, '2025-08-16 03:40:46', NULL, NULL, 'player', 'Free', 'pt-PT'),
(98, 'dummy_12600', 'DummyUser#8386', NULL, 0, 'PlayStation', NULL, '2025-08-16 03:45:24', NULL, NULL, 'player', 'Free', 'pt-PT'),
(99, 'dummy_28642', 'DummyUser#5502', NULL, 0, 'PlayStation', NULL, '2025-08-16 03:49:14', NULL, NULL, 'player', 'Free', 'pt-PT'),
(100, 'dummy_32704', 'DummyUser#9612', NULL, 0, 'PlayStation', NULL, '2025-08-16 03:51:30', NULL, NULL, 'player', 'Free', 'pt-PT'),
(101, 'dummy_91376', 'DummyUser#3363', NULL, 0, 'PlayStation', NULL, '2025-08-16 03:54:51', NULL, NULL, 'player', 'Free', 'pt-PT'),
(102, 'dummy_4994', 'DummyUser#5345', NULL, 0, 'PlayStation', NULL, '2025-08-16 04:02:55', NULL, NULL, 'player', 'Free', 'pt-PT'),
(103, 'dummy_16892', 'DummyUser#2684', NULL, 0, 'PlayStation', NULL, '2025-08-16 04:04:33', NULL, NULL, 'player', 'Free', 'pt-PT'),
(104, 'dummy_98508', 'DummyUser#6089', NULL, 0, 'PlayStation', NULL, '2025-08-16 04:09:26', NULL, NULL, 'player', 'Free', 'pt-PT'),
(105, 'dummy_63116', 'DummyUser#4293', NULL, 0, 'PlayStation', NULL, '2025-08-16 04:15:16', NULL, NULL, 'player', 'Free', 'pt-PT'),
(106, 'dummy_51147', 'DummyUser#1199', NULL, 0, 'PlayStation', NULL, '2025-08-16 04:37:56', NULL, NULL, 'player', 'Free', 'pt-PT'),
(107, 'dummy_4277', 'DummyUser#1873', NULL, 0, 'PlayStation', NULL, '2025-08-16 04:48:32', NULL, NULL, 'player', 'Free', 'pt-PT'),
(108, 'dummy_13389', 'DummyUser#1611', NULL, 0, 'PlayStation', NULL, '2025-08-16 04:50:19', NULL, NULL, 'player', 'Free', 'pt-PT'),
(109, 'dummy_78104', 'DummyUser#1249', NULL, 0, 'PlayStation', NULL, '2025-08-16 04:52:41', NULL, NULL, 'player', 'Free', 'pt-PT'),
(110, 'dummy_22356', 'DummyUser#5338', NULL, 0, 'PlayStation', NULL, '2025-08-16 13:44:58', NULL, NULL, 'player', 'Free', 'pt-PT'),
(111, 'dummy_90020', 'DummyUser#5562', NULL, 0, 'PlayStation', NULL, '2025-08-16 13:49:19', NULL, NULL, 'player', 'Free', 'pt-PT'),
(112, 'dummy_41985', 'DummyUser#9118', NULL, 0, 'PlayStation', NULL, '2025-08-16 14:18:10', NULL, NULL, 'player', 'Free', 'pt-PT'),
(113, 'dummy_70708', 'DummyUser#5616', NULL, 0, 'PlayStation', NULL, '2025-08-16 14:58:37', NULL, NULL, 'player', 'Free', 'pt-PT'),
(114, 'dummy_44591', 'DummyUser#1397', NULL, 0, 'PlayStation', NULL, '2025-08-16 15:07:28', NULL, NULL, 'player', 'Free', 'pt-PT'),
(115, 'dummy_67458', 'DummyUser#4248', NULL, 0, 'PlayStation', NULL, '2025-08-16 15:08:57', NULL, NULL, 'player', 'Free', 'pt-PT'),
(116, 'dummy_5260', 'DummyUser#1226', NULL, 0, 'PlayStation', NULL, '2025-08-16 15:13:07', NULL, NULL, 'player', 'Free', 'pt-PT'),
(117, 'dummy_76490', 'DummyUser#7635', NULL, 0, 'PlayStation', NULL, '2025-08-16 15:17:25', NULL, NULL, 'player', 'Free', 'pt-PT'),
(118, 'dummy_19431', 'DummyUser#5432', NULL, 0, 'PlayStation', NULL, '2025-08-16 15:19:34', NULL, NULL, 'player', 'Free', 'pt-PT'),
(119, 'dummy_66216', 'DummyUser#2104', NULL, 0, 'PlayStation', NULL, '2025-08-16 15:27:05', NULL, NULL, 'player', 'Free', 'pt-PT'),
(120, 'dummy_27709', 'DummyUser#8010', NULL, 0, 'PlayStation', NULL, '2025-08-16 15:30:47', NULL, NULL, 'player', 'Free', 'pt-PT'),
(121, 'dummy_44899', 'DummyUser#1508', NULL, 0, 'PlayStation', NULL, '2025-08-16 15:33:03', NULL, NULL, 'player', 'Free', 'pt-PT'),
(122, 'dummy_7644', 'DummyUser#9185', NULL, 0, 'PlayStation', NULL, '2025-08-16 15:34:45', NULL, NULL, 'player', 'Free', 'pt-PT'),
(123, 'dummy_35811', 'DummyUser#9198', NULL, 0, 'PlayStation', NULL, '2025-08-16 21:44:35', NULL, NULL, 'player', 'Free', 'pt-PT'),
(124, 'dummy_8911', 'DummyUser#1710', NULL, 0, 'PlayStation', NULL, '2025-08-16 22:12:55', NULL, NULL, 'player', 'Free', 'pt-PT'),
(125, 'dummy_41389', 'DummyUser#2385', NULL, 0, 'PlayStation', NULL, '2025-08-16 22:20:11', NULL, NULL, 'player', 'Free', 'pt-PT'),
(126, 'dummy_36560', 'DummyUser#7306', NULL, 0, 'PlayStation', NULL, '2025-08-16 22:27:47', NULL, NULL, 'player', 'Free', 'pt-PT'),
(127, 'dummy_562', 'DummyUser#9829', NULL, 0, 'PlayStation', NULL, '2025-08-16 22:31:44', NULL, NULL, 'player', 'Free', 'pt-PT'),
(128, 'dummy_14311', 'DummyUser#1694', NULL, 0, 'PlayStation', NULL, '2025-08-16 22:33:26', NULL, NULL, 'player', 'Free', 'pt-PT'),
(129, 'dummy_48614', 'DummyUser#8058', NULL, 0, 'PlayStation', NULL, '2025-08-16 22:37:43', NULL, NULL, 'player', 'Free', 'pt-PT'),
(130, 'dummy_39219', 'DummyUser#8564', NULL, 0, 'PlayStation', NULL, '2025-08-16 22:40:07', NULL, NULL, 'player', 'Free', 'pt-PT'),
(131, 'dummy_82823', 'DummyUser#5592', NULL, 0, 'PlayStation', NULL, '2025-08-16 22:51:17', NULL, NULL, 'player', 'Free', 'pt-PT'),
(132, 'dummy_73256', 'DummyUser#8679', NULL, 0, 'PlayStation', NULL, '2025-08-16 23:06:16', NULL, NULL, 'player', 'Free', 'pt-PT'),
(133, 'dummy_1177', 'DummyUser#2787', NULL, 0, 'PlayStation', NULL, '2025-08-16 23:15:39', NULL, NULL, 'player', 'Free', 'pt-PT'),
(134, 'dummy_11049', 'DummyUser#1299', NULL, 0, 'PlayStation', NULL, '2025-08-16 23:31:42', NULL, NULL, 'player', 'Free', 'pt-PT'),
(135, 'dummy_69797', 'DummyUser#2946', NULL, 0, 'PlayStation', NULL, '2025-08-18 02:04:36', NULL, NULL, 'player', 'Free', 'pt-PT'),
(136, 'dummy_45780', 'DummyUser#5096', NULL, 0, 'PlayStation', NULL, '2025-08-18 02:14:05', NULL, NULL, 'player', 'Free', 'pt-PT'),
(137, 'dummy_64184', 'DummyUser#6942', NULL, 0, 'PlayStation', NULL, '2025-08-18 02:15:43', NULL, NULL, 'player', 'Free', 'pt-PT'),
(138, 'dummy_28013', 'DummyUser#6865', NULL, 0, 'PlayStation', NULL, '2025-08-18 02:19:05', NULL, NULL, 'player', 'Free', 'pt-PT'),
(139, 'dummy_36076', 'DummyUser#2690', NULL, 0, 'PlayStation', NULL, '2025-08-18 02:21:43', NULL, NULL, 'player', 'Free', 'pt-PT'),
(140, 'dummy_44096', 'DummyUser#5710', NULL, 0, 'PlayStation', NULL, '2025-08-18 02:25:00', NULL, NULL, 'player', 'Free', 'pt-PT'),
(141, 'dummy_20438', 'DummyUser#5759', NULL, 0, 'PlayStation', NULL, '2025-08-18 02:30:26', NULL, NULL, 'player', 'Free', 'pt-PT'),
(142, 'dummy_73254', 'DummyUser#8797', NULL, 0, 'PlayStation', NULL, '2025-08-18 02:32:18', NULL, NULL, 'player', 'Free', 'pt-PT'),
(143, 'dummy_4762', 'DummyUser#7841', NULL, 0, 'PlayStation', NULL, '2025-08-18 02:50:47', NULL, NULL, 'player', 'Free', 'pt-PT'),
(144, 'dummy_27023', 'DummyUser#4268', NULL, 0, 'PlayStation', NULL, '2025-08-18 02:56:59', NULL, NULL, 'player', 'Free', 'pt-PT'),
(145, 'dummy_86949', 'DummyUser#6095', NULL, 0, 'PlayStation', NULL, '2025-08-18 03:02:49', NULL, NULL, 'player', 'Free', 'pt-PT'),
(146, 'dummy_14783', 'DummyUser#5506', NULL, 0, 'PlayStation', NULL, '2025-08-18 03:04:51', NULL, NULL, 'player', 'Free', 'pt-PT'),
(147, 'dummy_808', 'DummyUser#1366', NULL, 0, 'PlayStation', NULL, '2025-08-18 03:06:43', NULL, NULL, 'player', 'Free', 'pt-PT'),
(148, 'dummy_33120', 'DummyUser#8367', NULL, 0, 'PlayStation', NULL, '2025-08-18 03:12:44', NULL, NULL, 'player', 'Free', 'pt-PT'),
(149, 'dummy_51458', 'DummyUser#3858', NULL, 0, 'PlayStation', NULL, '2025-08-18 03:16:23', NULL, NULL, 'player', 'Free', 'pt-PT'),
(150, 'dummy_27917', 'DummyUser#3821', NULL, 0, 'PlayStation', NULL, '2025-08-18 03:20:54', NULL, NULL, 'player', 'Free', 'pt-PT'),
(151, 'dummy_65727', 'DummyUser#9283', NULL, 0, 'PlayStation', NULL, '2025-08-18 03:24:36', NULL, NULL, 'player', 'Free', 'pt-PT'),
(152, 'dummy_95555', 'DummyUser#9592', NULL, 0, 'PlayStation', NULL, '2025-08-18 03:25:42', NULL, NULL, 'player', 'Free', 'pt-PT'),
(153, 'dummy_36254', 'DummyUser#5055', NULL, 0, 'PlayStation', NULL, '2025-08-18 03:31:16', NULL, NULL, 'player', 'Free', 'pt-PT'),
(154, 'dummy_71200', 'DummyUser#8270', NULL, 0, 'PlayStation', NULL, '2025-08-18 03:34:37', NULL, NULL, 'player', 'Free', 'pt-PT'),
(155, 'dummy_49980', 'DummyUser#3585', NULL, 0, 'PlayStation', NULL, '2025-08-18 03:39:04', NULL, NULL, 'player', 'Free', 'pt-PT'),
(156, 'dummy_88234', 'DummyUser#1149', NULL, 0, 'PlayStation', NULL, '2025-08-18 03:40:14', NULL, NULL, 'player', 'Free', 'pt-PT'),
(157, 'dummy_25392', 'DummyUser#6948', NULL, 0, 'PlayStation', NULL, '2025-08-19 23:17:13', NULL, NULL, 'player', 'Free', 'pt-PT'),
(158, 'dummy_25484', 'DummyUser#6752', NULL, 0, 'PlayStation', NULL, '2025-08-19 23:46:38', NULL, NULL, 'player', 'Free', 'pt-PT'),
(159, 'dummy_10329', 'DummyUser#4366', NULL, 0, 'PlayStation', NULL, '2025-08-20 01:17:35', NULL, NULL, 'player', 'Free', 'pt-PT'),
(160, 'dummy_3052', 'DummyUser#5314', NULL, 0, 'PlayStation', NULL, '2025-08-21 11:46:24', NULL, NULL, 'player', 'Free', 'pt-PT'),
(161, 'dummy_64720', 'DummyUser#7649', NULL, 0, 'PlayStation', NULL, '2025-08-21 13:52:44', NULL, NULL, 'player', 'Free', 'pt-PT'),
(162, 'dummy_10524', 'DummyUser#5348', NULL, 0, 'PlayStation', NULL, '2025-08-21 14:44:14', NULL, NULL, 'player', 'Free', 'pt-PT'),
(163, 'dummy_40358', 'DummyUser#4467', NULL, 0, 'PlayStation', NULL, '2025-08-21 15:26:01', NULL, NULL, 'player', 'Free', 'pt-PT'),
(164, 'dummy_56843', 'DummyUser#9113', NULL, 0, 'PlayStation', NULL, '2025-08-21 21:19:06', NULL, NULL, 'player', 'Free', 'pt-PT'),
(165, 'dummy_91472', 'DummyUser#8730', NULL, 0, 'PlayStation', NULL, '2025-08-21 23:07:45', NULL, NULL, 'player', 'Free', 'pt-PT'),
(166, 'dummy_80118', 'DummyUser#4559', NULL, 0, 'PlayStation', NULL, '2025-08-22 00:29:13', NULL, NULL, 'player', 'Free', 'pt-PT'),
(167, 'dummy_53319', 'DummyUser#2027', NULL, 0, 'PlayStation', NULL, '2025-08-22 00:33:49', NULL, NULL, 'player', 'Free', 'pt-PT'),
(168, 'dummy_76912', 'DummyUser#7879', NULL, 0, 'PlayStation', NULL, '2025-08-22 09:47:03', NULL, NULL, 'player', 'Free', 'pt-PT'),
(169, 'dummy_29389', 'DummyUser#5935', NULL, 0, 'PlayStation', NULL, '2025-08-22 11:34:42', NULL, NULL, 'player', 'Free', 'pt-PT'),
(170, 'dummy_5071', 'DummyUser#7952', NULL, 0, 'PlayStation', NULL, '2025-08-22 11:44:47', NULL, NULL, 'player', 'Free', 'pt-PT'),
(171, 'dummy_61852', 'DummyUser#6909', NULL, 0, 'PlayStation', NULL, '2025-08-22 11:53:16', NULL, NULL, 'player', 'Free', 'pt-PT'),
(172, 'dummy_68683', 'DummyUser#8746', NULL, 0, 'PlayStation', NULL, '2025-08-22 12:03:11', NULL, NULL, 'player', 'Free', 'pt-PT'),
(173, 'dummy_19802', 'DummyUser#8539', NULL, 0, 'PlayStation', NULL, '2025-08-22 13:28:27', NULL, NULL, 'player', 'Free', 'pt-PT'),
(174, 'dummy_65497', 'DummyUser#7048', NULL, 0, 'PlayStation', NULL, '2025-08-23 01:03:41', NULL, NULL, 'player', 'Free', 'pt-PT'),
(175, 'dummy_71387', 'DummyUser#1353', NULL, 0, 'PlayStation', NULL, '2025-08-23 01:25:41', NULL, NULL, 'player', 'Free', 'pt-PT'),
(176, 'dummy_39231', 'DummyUser#2086', NULL, 0, 'PlayStation', NULL, '2025-08-23 15:45:24', NULL, NULL, 'player', 'Free', 'pt-PT'),
(177, '372850478989443072', 'notandrept#0', 'https://cdn.discordapp.com/avatars/372850478989443072/f207db9db4c47d1a9691c73a7497ac76.png', 1, 'PlayStation', 'notAndrePT_', '2025-08-25 21:25:41', NULL, NULL, 'player', 'Free', 'pt-PT'),
(178, '816672274463195168', 'dimenez#0', 'https://cdn.discordapp.com/avatars/816672274463195168/bc9da899625efd10db2a32e55083d8a5.png', 1, 'PlayStation', 'little_stars_den', '2025-08-25 21:27:23', NULL, NULL, 'player', 'Free', 'pt-PT'),
(179, '435856944947789835', 'andrevalente25#0', 'https://cdn.discordapp.com/avatars/435856944947789835/cf6fedd2812128123aec5685b99b611c.png', 1, 'PlayStation', 'andrevalente25', '2025-08-25 21:27:26', NULL, NULL, 'player', 'Free', 'pt-PT'),
(180, '380011277457686538', 'viana2369#0', 'https://cdn.discordapp.com/avatars/380011277457686538/1caede9955a797533fedd85bf99d03d0.png', 1, 'PlayStation', 'Viana_717', '2025-08-25 21:29:17', NULL, NULL, 'player', 'Free', 'pt-PT'),
(181, 'dummy_12438', 'DummyUser#5688', NULL, 0, 'PlayStation', NULL, '2025-08-26 00:10:37', NULL, NULL, 'player', 'Free', 'pt-PT'),
(182, 'dummy_26100', 'DummyUser#7617', NULL, 0, 'PlayStation', NULL, '2025-08-27 11:19:57', NULL, NULL, 'player', 'Free', 'pt-PT'),
(183, 'dummy_1820', 'DummyUser#5022', NULL, 0, 'PlayStation', NULL, '2025-08-27 14:20:24', NULL, NULL, 'player', 'Free', 'pt-PT'),
(184, 'dummy_99727', 'DummyUser#6480', NULL, 0, 'PlayStation', NULL, '2025-08-27 23:38:23', NULL, NULL, 'player', 'Free', 'pt-PT'),
(185, 'dummy_36176', 'DummyUser#1763', NULL, 0, 'PlayStation', NULL, '2025-08-27 23:54:54', NULL, NULL, 'player', 'Free', 'pt-PT'),
(186, 'dummy_16056', 'DummyUser#6581', NULL, 0, 'PlayStation', NULL, '2025-08-28 15:47:09', NULL, NULL, 'player', 'Free', 'pt-PT'),
(187, 'dummy_75559', 'DummyUser#9067', NULL, 0, 'PlayStation', NULL, '2025-08-28 20:50:55', NULL, NULL, 'player', 'Free', 'pt-PT'),
(188, 'dummy_10670', 'DummyUser#4912', NULL, 0, 'PlayStation', NULL, '2025-08-30 23:59:08', NULL, NULL, 'player', 'Free', 'pt-PT'),
(195, '300903973769052161', 'danielsousa28#0', 'https://cdn.discordapp.com/avatars/300903973769052161/dfde96690d97f6a663ba49118a0bd5e3.png', 1, 'PlayStation', 'Danielsousa28', '2025-09-04 05:37:16', NULL, NULL, 'player', 'Free', 'pt-PT'),
(197, '336180685947797504', 'ricky3827#0', 'https://cdn.discordapp.com/avatars/336180685947797504/.png', 1, 'PlayStation', 'ricr2304', '2025-09-04 06:52:49', NULL, NULL, 'player', 'Free', 'pt-PT'),
(199, '1030850337885667359', 'mikept_89#0', 'https://cdn.discordapp.com/avatars/1030850337885667359/8a3fb9bc49b22be8a13b7445ba049a70.png', 1, 'PlayStation', 'MikePt_89', '2025-09-04 09:17:19', NULL, NULL, 'player', 'Free', 'pt-PT'),
(200, '1405939390601101454', 'warticv456#0', 'https://cdn.discordapp.com/avatars/1405939390601101454/95f9ade0dcb25b3b099a5586427a5756.png', 1, 'PlayStation', 'warticv456456', '2025-09-04 09:28:44', NULL, NULL, 'player', 'Free', 'pt-PT'),
(202, '1026780140023332884', 'otugadaschaves#0', 'https://cdn.discordapp.com/avatars/1026780140023332884/e10be6fa0ddcb10340e86afaf1bb817c.png', 1, 'PlayStation', 'MR_VERISSIMO', '2025-09-04 10:18:17', NULL, NULL, 'player', 'Free', 'pt-PT'),
(203, '926063077965828096', 'jribeiro26#0', 'https://cdn.discordapp.com/avatars/926063077965828096/.png', 1, 'PlayStation', 'withjony-r', '2025-09-04 10:38:46', NULL, NULL, 'player', 'Free', 'pt-PT'),
(206, '388845092296851458', 'pena80#0', 'https://cdn.discordapp.com/avatars/388845092296851458/d76b88a5ff4f05b7aae2cacb3784d5d1.png', 1, 'PlayStation', 'npena80', '2025-09-04 10:56:48', NULL, NULL, 'player', 'Free', 'pt-PT'),
(208, '1046930183501922375', 'gsilva12.#0', 'https://cdn.discordapp.com/avatars/1046930183501922375/a532c65875a9b5dfb2addf6680b4aa38.png', 1, 'PlayStation', 'GSILVA12SLB', '2025-09-04 11:03:38', NULL, NULL, 'player', 'Free', 'pt-PT'),
(209, '1217155451905376296', 'faria90s#0', 'https://cdn.discordapp.com/avatars/1217155451905376296/5a74b56c1642b5e6ed8dbddc416ac2ae.png', 1, 'PlayStation', 'Faria90s', '2025-09-04 11:05:19', NULL, NULL, 'player', 'Free', 'pt-PT'),
(212, '786020577516584970', 'ivodi98#0', 'https://cdn.discordapp.com/avatars/786020577516584970/df347ce8e4ed077ededca0ceddb9953a.png', 1, 'PlayStation', 'taburroV2', '2025-09-04 12:08:53', NULL, NULL, 'player', 'Free', 'pt-PT'),
(213, '883413355266719794', 'rps3756#0', 'https://cdn.discordapp.com/avatars/883413355266719794/e2927b5cf3139e26eaeaec6b2eb60561.png', 1, 'PlayStation', 'rps19981998', '2025-09-04 12:13:32', NULL, NULL, 'player', 'Free', 'pt-PT'),
(214, '448578046694260736', 'zeveloso_77#0', 'https://cdn.discordapp.com/avatars/448578046694260736/cffc2621e94dcbca3b360e9fd7be933b.png', 1, 'PlayStation', 'joseveloso_77', '2025-09-04 12:18:11', NULL, NULL, 'player', 'Free', 'pt-PT'),
(222, '1294608131334340632', 'jaimepinho_11#0', 'https://cdn.discordapp.com/avatars/1294608131334340632/7cdd2819352ae9ce482c41e42231ad5c.png', 1, 'PlayStation', 'JaimePinho', '2025-09-04 15:09:09', NULL, NULL, 'player', 'Free', 'pt-PT'),
(230, '757601909589671956', 'ruicussio#0', 'https://cdn.discordapp.com/avatars/757601909589671956/bcb1352e7b09d51440dd95c8f62dd49b.png', 1, 'PlayStation', 'ta_mal_araooo', '2025-09-04 16:56:12', NULL, NULL, 'player', 'Free', 'pt-PT'),
(231, '467092839898152971', 'jayvars#0', 'https://cdn.discordapp.com/avatars/467092839898152971/303e7f8d2b6e93f7ee15657313a1170d.png', 1, 'PlayStation', 'JayVars', '2025-09-04 17:17:11', NULL, NULL, 'player', 'Free', 'pt-PT'),
(233, '928808067443851285', 'karasev1904#0', 'https://cdn.discordapp.com/avatars/928808067443851285/d5cfd35e6f62d48d019d02ff049d3887.png', 1, 'PlayStation', 'karasev_1904', '2025-09-04 19:51:32', NULL, NULL, 'player', 'Free', 'pt-PT'),
(236, '358756855566172161', 'johnofthesalt#0', 'https://cdn.discordapp.com/avatars/358756855566172161/3139498b72cc97aea3527b0db8e8dc49.png', 1, 'PlayStation', 'johnofthesalt', '2025-09-04 20:17:03', NULL, NULL, 'player', 'Free', 'pt-PT'),
(239, 'dummy_44211', 'DummyUser#5177', NULL, 0, 'PlayStation', NULL, '2025-09-04 21:32:18', NULL, NULL, 'player', 'Free', 'pt-PT'),
(254, 'dummy_28402', 'DummyUser#9477', NULL, 0, 'PlayStation', NULL, '2025-09-05 01:08:07', NULL, NULL, 'player', 'Free', 'pt-PT'),
(255, 'dummy_13096', 'DummyUser#3828', NULL, 0, 'PlayStation', NULL, '2025-09-05 01:12:28', NULL, NULL, 'player', 'Free', 'pt-PT'),
(256, '1347377444813930589', 'nepe.9#0', 'https://cdn.discordapp.com/avatars/1347377444813930589/5445ffd7ffb201a98393cbdf684ea4b1.png', 1, 'PlayStation', 'Nepe_9', '2025-09-05 08:41:02', NULL, NULL, 'player', 'Free', 'pt-PT'),
(268, '215494658413953025', 'axigod#0', 'https://cdn.discordapp.com/avatars/215494658413953025/9a42bc48c98f4954d894c7f025b0fee1.png', 1, 'PlayStation', 'AXXE-AXI', '2025-09-05 22:19:26', NULL, NULL, 'player', 'Free', 'pt-PT'),
(282, '689976743268057100', 'quepandomia#0', 'https://cdn.discordapp.com/avatars/689976743268057100/dc299b80ef9e753b160ff7854bc9b653.png', 1, 'PlayStation', NULL, '2025-09-12 11:52:17', NULL, NULL, 'player', 'Free', 'pt-PT'),
(285, 'dummy_77612', 'DummyUser#1541', NULL, 0, 'PlayStation', NULL, '2025-12-03 16:23:57', NULL, NULL, 'player', 'Free', 'pt-PT'),
(286, 'dummy_53931', 'DummyUser#9452', NULL, 0, 'PlayStation', NULL, '2025-12-03 16:50:37', NULL, NULL, 'player', 'Free', 'pt-PT'),
(287, 'dummy_85248', 'DummyUser#8897', NULL, 0, 'PlayStation', NULL, '2026-01-27 16:50:47', NULL, NULL, 'player', 'Free', 'pt-PT');

--
-- Indexes for dumped tables
--

--
-- Indexes for table `activity_logs`
--
ALTER TABLE `activity_logs`
  ADD PRIMARY KEY (`id`),
  ADD KEY `user_id` (`user_id`);

--
-- Indexes for table `admin_actions`
--
ALTER TABLE `admin_actions`
  ADD PRIMARY KEY (`id`);

--
-- Indexes for table `admin_audit_log`
--
ALTER TABLE `admin_audit_log`
  ADD PRIMARY KEY (`id`);

--
-- Indexes for table `admin_roles`
--
ALTER TABLE `admin_roles`
  ADD PRIMARY KEY (`id`),
  ADD UNIQUE KEY `name` (`name`);

--
-- Indexes for table `admin_users`
--
ALTER TABLE `admin_users`
  ADD PRIMARY KEY (`discord_id`),
  ADD KEY `role_id` (`role_id`);

--
-- Indexes for table `discord_channel_ladders`
--
ALTER TABLE `discord_channel_ladders`
  ADD PRIMARY KEY (`channel_id`),
  ADD KEY `fk_ladder` (`ladder_id`);

--
-- Indexes for table `ladders`
--
ALTER TABLE `ladders`
  ADD PRIMARY KEY (`id`),
  ADD UNIQUE KEY `slug` (`slug`);

--
-- Indexes for table `ladder_elo_history`
--
ALTER TABLE `ladder_elo_history`
  ADD PRIMARY KEY (`id`),
  ADD KEY `player_id` (`player_id`),
  ADD KEY `match_id` (`match_id`),
  ADD KEY `competition_id` (`competition_id`),
  ADD KEY `idx_ladder_elo_history_ladder_id` (`ladder_id`);

--
-- Indexes for table `ladder_matches`
--
ALTER TABLE `ladder_matches`
  ADD PRIMARY KEY (`id`),
  ADD KEY `player1_id` (`player1_id`),
  ADD KEY `player2_id` (`player2_id`),
  ADD KEY `reported_by` (`reported_by`),
  ADD KEY `competition_id` (`competition_id`),
  ADD KEY `idx_ladder_matches_ladder_id` (`ladder_id`);

--
-- Indexes for table `ladder_match_confirmations`
--
ALTER TABLE `ladder_match_confirmations`
  ADD PRIMARY KEY (`match_id`);

--
-- Indexes for table `ladder_match_disputes`
--
ALTER TABLE `ladder_match_disputes`
  ADD PRIMARY KEY (`id`),
  ADD KEY `fk_lmd_match` (`match_id`),
  ADD KEY `fk_lmd_ladder` (`ladder_id`),
  ADD KEY `fk_lmd_player` (`raised_by_player_id`);

--
-- Indexes for table `ladder_match_queue`
--
ALTER TABLE `ladder_match_queue`
  ADD PRIMARY KEY (`id`),
  ADD KEY `player_id` (`player_id`),
  ADD KEY `competition_id` (`competition_id`),
  ADD KEY `idx_ladder_match_queue_ladder_id` (`ladder_id`);

--
-- Indexes for table `ladder_player_stats`
--
ALTER TABLE `ladder_player_stats`
  ADD PRIMARY KEY (`player_id`,`ladder_id`),
  ADD KEY `competition_id` (`competition_id`),
  ADD KEY `idx_ladder_player_stats_ladder_id` (`ladder_id`);

--
-- Indexes for table `ladder_queue_history`
--
ALTER TABLE `ladder_queue_history`
  ADD PRIMARY KEY (`id`),
  ADD KEY `idx_lqh_user_id` (`user_id`),
  ADD KEY `idx_lqh_ladder_id` (`ladder_id`),
  ADD KEY `idx_lqh_competition_id` (`competition_id`);

--
-- Indexes for table `ladder_registrations`
--
ALTER TABLE `ladder_registrations`
  ADD PRIMARY KEY (`id`),
  ADD UNIQUE KEY `unique_user_ladder` (`user_id`,`ladder_id`),
  ADD KEY `fk_ladder_reg_ladder` (`ladder_id`);

--
-- Indexes for table `lessons`
--
ALTER TABLE `lessons`
  ADD PRIMARY KEY (`id`),
  ADD KEY `professor_id` (`professor_id`);

--
-- Indexes for table `lesson_materials`
--
ALTER TABLE `lesson_materials`
  ADD PRIMARY KEY (`id`),
  ADD KEY `lesson_id` (`lesson_id`);

--
-- Indexes for table `seasons`
--
ALTER TABLE `seasons`
  ADD PRIMARY KEY (`id`);

--
-- Indexes for table `subscriptions`
--
ALTER TABLE `subscriptions`
  ADD PRIMARY KEY (`id`),
  ADD KEY `user_id` (`user_id`);

--
-- Indexes for table `subscription_audit_log`
--
ALTER TABLE `subscription_audit_log`
  ADD PRIMARY KEY (`id`),
  ADD KEY `user_id` (`user_id`);

--
-- Indexes for table `users`
--
ALTER TABLE `users`
  ADD PRIMARY KEY (`id`),
  ADD UNIQUE KEY `discord_id` (`discord_id`);

--
-- AUTO_INCREMENT for dumped tables
--

--
-- AUTO_INCREMENT for table `activity_logs`
--
ALTER TABLE `activity_logs`
  MODIFY `id` int NOT NULL AUTO_INCREMENT;

--
-- AUTO_INCREMENT for table `admin_actions`
--
ALTER TABLE `admin_actions`
  MODIFY `id` int NOT NULL AUTO_INCREMENT, AUTO_INCREMENT=38;

--
-- AUTO_INCREMENT for table `admin_audit_log`
--
ALTER TABLE `admin_audit_log`
  MODIFY `id` bigint NOT NULL AUTO_INCREMENT, AUTO_INCREMENT=6;

--
-- AUTO_INCREMENT for table `admin_roles`
--
ALTER TABLE `admin_roles`
  MODIFY `id` int NOT NULL AUTO_INCREMENT, AUTO_INCREMENT=6;

--
-- AUTO_INCREMENT for table `ladders`
--
ALTER TABLE `ladders`
  MODIFY `id` bigint NOT NULL AUTO_INCREMENT, AUTO_INCREMENT=3;

--
-- AUTO_INCREMENT for table `ladder_elo_history`
--
ALTER TABLE `ladder_elo_history`
  MODIFY `id` int NOT NULL AUTO_INCREMENT, AUTO_INCREMENT=750;

--
-- AUTO_INCREMENT for table `ladder_matches`
--
ALTER TABLE `ladder_matches`
  MODIFY `id` int NOT NULL AUTO_INCREMENT, AUTO_INCREMENT=394;

--
-- AUTO_INCREMENT for table `ladder_match_disputes`
--
ALTER TABLE `ladder_match_disputes`
  MODIFY `id` int NOT NULL AUTO_INCREMENT, AUTO_INCREMENT=19;

--
-- AUTO_INCREMENT for table `ladder_match_queue`
--
ALTER TABLE `ladder_match_queue`
  MODIFY `id` int NOT NULL AUTO_INCREMENT, AUTO_INCREMENT=687;

--
-- AUTO_INCREMENT for table `ladder_queue_history`
--
ALTER TABLE `ladder_queue_history`
  MODIFY `id` int NOT NULL AUTO_INCREMENT, AUTO_INCREMENT=449;

--
-- AUTO_INCREMENT for table `ladder_registrations`
--
ALTER TABLE `ladder_registrations`
  MODIFY `id` int NOT NULL AUTO_INCREMENT, AUTO_INCREMENT=29;

--
-- AUTO_INCREMENT for table `lessons`
--
ALTER TABLE `lessons`
  MODIFY `id` int NOT NULL AUTO_INCREMENT;

--
-- AUTO_INCREMENT for table `lesson_materials`
--
ALTER TABLE `lesson_materials`
  MODIFY `id` int NOT NULL AUTO_INCREMENT;

--
-- AUTO_INCREMENT for table `seasons`
--
ALTER TABLE `seasons`
  MODIFY `id` int NOT NULL AUTO_INCREMENT, AUTO_INCREMENT=2;

--
-- AUTO_INCREMENT for table `subscriptions`
--
ALTER TABLE `subscriptions`
  MODIFY `id` int NOT NULL AUTO_INCREMENT;

--
-- AUTO_INCREMENT for table `subscription_audit_log`
--
ALTER TABLE `subscription_audit_log`
  MODIFY `id` int NOT NULL AUTO_INCREMENT;

--
-- AUTO_INCREMENT for table `users`
--
ALTER TABLE `users`
  MODIFY `id` int NOT NULL AUTO_INCREMENT, AUTO_INCREMENT=288;

--
-- Constraints for dumped tables
--

--
-- Constraints for table `activity_logs`
--
ALTER TABLE `activity_logs`
  ADD CONSTRAINT `activity_logs_ibfk_1` FOREIGN KEY (`user_id`) REFERENCES `users` (`id`);

--
-- Constraints for table `admin_users`
--
ALTER TABLE `admin_users`
  ADD CONSTRAINT `admin_users_ibfk_1` FOREIGN KEY (`role_id`) REFERENCES `admin_roles` (`id`);

--
-- Constraints for table `discord_channel_ladders`
--
ALTER TABLE `discord_channel_ladders`
  ADD CONSTRAINT `fk_ladder` FOREIGN KEY (`ladder_id`) REFERENCES `ladders` (`id`) ON DELETE CASCADE;

--
-- Constraints for table `ladder_elo_history`
--
ALTER TABLE `ladder_elo_history`
  ADD CONSTRAINT `fk_ladder_elo_history_ladder` FOREIGN KEY (`ladder_id`) REFERENCES `ladders` (`id`) ON DELETE RESTRICT,
  ADD CONSTRAINT `ladder_elo_history_ibfk_1` FOREIGN KEY (`player_id`) REFERENCES `users` (`id`),
  ADD CONSTRAINT `ladder_elo_history_ibfk_2` FOREIGN KEY (`match_id`) REFERENCES `ladder_matches` (`id`),
  ADD CONSTRAINT `ladder_elo_history_ibfk_3` FOREIGN KEY (`competition_id`) REFERENCES `seasons` (`id`);

--
-- Constraints for table `ladder_matches`
--
ALTER TABLE `ladder_matches`
  ADD CONSTRAINT `fk_ladder_matches_ladder` FOREIGN KEY (`ladder_id`) REFERENCES `ladders` (`id`) ON DELETE RESTRICT,
  ADD CONSTRAINT `ladder_matches_ibfk_1` FOREIGN KEY (`player1_id`) REFERENCES `users` (`id`),
  ADD CONSTRAINT `ladder_matches_ibfk_2` FOREIGN KEY (`player2_id`) REFERENCES `users` (`id`),
  ADD CONSTRAINT `ladder_matches_ibfk_3` FOREIGN KEY (`reported_by`) REFERENCES `users` (`id`),
  ADD CONSTRAINT `ladder_matches_ibfk_4` FOREIGN KEY (`competition_id`) REFERENCES `seasons` (`id`);

--
-- Constraints for table `ladder_match_confirmations`
--
ALTER TABLE `ladder_match_confirmations`
  ADD CONSTRAINT `ladder_match_confirmations_ibfk_1` FOREIGN KEY (`match_id`) REFERENCES `ladder_matches` (`id`);

--
-- Constraints for table `ladder_match_disputes`
--
ALTER TABLE `ladder_match_disputes`
  ADD CONSTRAINT `fk_lmd_ladder` FOREIGN KEY (`ladder_id`) REFERENCES `ladders` (`id`),
  ADD CONSTRAINT `fk_lmd_match` FOREIGN KEY (`match_id`) REFERENCES `ladder_matches` (`id`),
  ADD CONSTRAINT `fk_lmd_player` FOREIGN KEY (`raised_by_player_id`) REFERENCES `users` (`id`);

--
-- Constraints for table `ladder_match_queue`
--
ALTER TABLE `ladder_match_queue`
  ADD CONSTRAINT `fk_ladder_match_queue_ladder` FOREIGN KEY (`ladder_id`) REFERENCES `ladders` (`id`) ON DELETE RESTRICT,
  ADD CONSTRAINT `ladder_match_queue_ibfk_1` FOREIGN KEY (`player_id`) REFERENCES `users` (`id`),
  ADD CONSTRAINT `ladder_match_queue_ibfk_2` FOREIGN KEY (`competition_id`) REFERENCES `seasons` (`id`);

--
-- Constraints for table `ladder_player_stats`
--
ALTER TABLE `ladder_player_stats`
  ADD CONSTRAINT `fk_ladder_player_stats_ladder` FOREIGN KEY (`ladder_id`) REFERENCES `ladders` (`id`) ON DELETE RESTRICT,
  ADD CONSTRAINT `ladder_player_stats_ibfk_1` FOREIGN KEY (`player_id`) REFERENCES `users` (`id`),
  ADD CONSTRAINT `ladder_player_stats_ibfk_2` FOREIGN KEY (`competition_id`) REFERENCES `seasons` (`id`);

--
-- Constraints for table `ladder_queue_history`
--
ALTER TABLE `ladder_queue_history`
  ADD CONSTRAINT `ladder_queue_history_ibfk_1` FOREIGN KEY (`user_id`) REFERENCES `users` (`id`),
  ADD CONSTRAINT `ladder_queue_history_ibfk_2` FOREIGN KEY (`competition_id`) REFERENCES `seasons` (`id`),
  ADD CONSTRAINT `ladder_queue_history_ibfk_3` FOREIGN KEY (`ladder_id`) REFERENCES `ladders` (`id`);

--
-- Constraints for table `ladder_registrations`
--
ALTER TABLE `ladder_registrations`
  ADD CONSTRAINT `fk_ladder_reg_ladder` FOREIGN KEY (`ladder_id`) REFERENCES `ladders` (`id`) ON DELETE CASCADE,
  ADD CONSTRAINT `fk_ladder_reg_user` FOREIGN KEY (`user_id`) REFERENCES `users` (`id`) ON DELETE CASCADE;

--
-- Constraints for table `lessons`
--
ALTER TABLE `lessons`
  ADD CONSTRAINT `lessons_ibfk_1` FOREIGN KEY (`professor_id`) REFERENCES `users` (`id`);

--
-- Constraints for table `lesson_materials`
--
ALTER TABLE `lesson_materials`
  ADD CONSTRAINT `lesson_materials_ibfk_1` FOREIGN KEY (`lesson_id`) REFERENCES `lessons` (`id`);

--
-- Constraints for table `subscriptions`
--
ALTER TABLE `subscriptions`
  ADD CONSTRAINT `subscriptions_ibfk_1` FOREIGN KEY (`user_id`) REFERENCES `users` (`id`);

--
-- Constraints for table `subscription_audit_log`
--
ALTER TABLE `subscription_audit_log`
  ADD CONSTRAINT `subscription_audit_log_ibfk_1` FOREIGN KEY (`user_id`) REFERENCES `users` (`id`);
COMMIT;

/*!40101 SET CHARACTER_SET_CLIENT=@OLD_CHARACTER_SET_CLIENT */;
/*!40101 SET CHARACTER_SET_RESULTS=@OLD_CHARACTER_SET_RESULTS */;
/*!40101 SET COLLATION_CONNECTION=@OLD_COLLATION_CONNECTION */;
